source_chain,destination_chain,original_amount,original_amount_usd,withdrawal_tx_hash,withdrawal_block_number,recipient,next_tx_hash_1,next_block_1,next_to_1,next_value_1,next_tx_hash_2,next_block_2,next_to_2,next_value_2,next_tx_hash_3,next_block_3,next_to_3,next_value_3
base,avalanche_c,11721.437431,11718.167149956751,0xae586d52c7e5f303d0bc49360ca97754e72a6d9f6368f6b3b6e8fc915d58a86d,80297588,0x9ce5becd5c049a236378f0bf6bc8dc9edd516bd1,,,,,,,,,,,,
base,avalanche_c,24.25,24.26787225,0xce138a49bf0b6f8b5634bb97d444b5121fb2f17ad5c9cdbfaa90c8e6a50b28e0,49409022,0x164c20a4e11cbe0d8b5e23f5ee35675890be280d,,,,,,,,,,,,
base,avalanche_c,141.409206,141.409488818412,0x1fb49bbce53111ad41fe93fc058e1d6c9e33f27004acde1869dd390e74d0c2c2,80150815,0xc30673f758e02069e28181edfd9d424c57f562af,0xef9488e79b9252becc5e8cf43a347a5af5de53d2e7e0d2b930fb3066bf6306ae,80150822,0x1f0570a081fee0e4df6eac470f9d2d53cdeda1c5,0.0,0x10c94f819547e4a6d2a7314175d1b1214987cb843f5225b180951320462cb192,80157780,0x8186359af5f57fbb40c6b14a588d2a59c0c29880,0.0,0xa91dcd2401473a41bc066f6d4821e86cb6c50bceb1fca54afafbaed98cf46648,80157781,0x8186359af5f57fbb40c6b14a588d2a59c0c29880,0.0
base,avalanche_c,25.876795,25.870506938815,0x24bc205036f6eb7662f51d0160ea303787394b388acd7a503c670de7edd1c48c,80175221,0x211bc3a35a5aba59531e00703a2768e966154d18,0x0e360586d10afda3b14b5c3b0ad197adb8584d531c29ce1dce9762e2b260cb5e,80175228,0xf8c100ab4b2d416609b0ef18105ebf601b2ec84a,0.0,0xafd0bfee9df48cec7a824aabe8edc1cbc053102ec15f1b9855172935fa5cc3c6,80184556,0x8186359af5f57fbb40c6b14a588d2a59c0c29880,0.0,0x6a82c5ab2dce279d1bf877c5b1fbf5d3c7226073cefd6fa5db7a06ceb9737dc7,80184562,0xf8c100ab4b2d416609b0ef18105ebf601b2ec84a,0.0
base,avalanche_c,922.202585,922.734695891545,0x44eadde665cbabc346feefc65d6a59bcfc6f06a9bfa0eb41731085ff921750d3,57902376,0xf18f923480dc144326e6c65d4f3d47aa459bb41c,,,,,,,,,,,,
base,avalanche_c,879.381418,879.6557850024161,0x38d7d369209a93db5b74af877c3606102e2bd1e1485e671c3c91dac65084cc46,51008416,0xf956d9fa19656d8e5219fd6fa8ba6cb198094138,,,,,,,,,,,,
base,avalanche_c,10,10.00809,0x28d499dd8b2072a6e3a06892c60951eb1ebf97a150d815950212fa2a611707f8,57047233,0x88f15e36308ed060d8543da8e2a5da0810efded2,,,,,,,,,,,,
base,avalanche_c,1.425356,1.425444372072,0x24d0f25e0887860a13004efce7e40964839bb4022813dd94b17896d1a93a5196,70376032,0x57b097cecd34ea0f34647fd3939b39fcc35195a3,0x7a6049281b046dfeaa207d298b762a0b83a7511f1a07ad1737d2de1e9a5586a9,70376629,0x79f7c6c6dc16ed3154e85a8ef9c1ef31cefaeb19,0.0,0xd8c47e544037dee00b988bd8f3e71f6ed3e65d8fd234f0433d6194b6bb48f92f,70376643,0x79f7c6c6dc16ed3154e85a8ef9c1ef31cefaeb19,0.0,0x4817d345b0f0353526097392de1ae771036a9e45b025d1ca32042ce4e669273a,70376654,0x79f7c6c6dc16ed3154e85a8ef9c1ef31cefaeb19,0.052840875888
base,avalanche_c,45303.079842,45340.772004428545,0x59fae3cc1fbf7dda9366876fb59a4ec9fda3b31c3abd5cf094f5ba76d02358ee,44915985,0xda88243e7691ad6091e511def01d7712c7c90473,0xeb0a99c923b12d8f42d772a8b88c770d77ad2c7228d0019719e34416d76de2e4,44933064,0xb97ef9ef8734c71904d8002f8b6bc66dd9c48a6e,0.0,0x9951c2928903e62996386cac1f05e6480b98e994a9a963a017f87535a549d9af,44933074,0xb4315e873dbcf96ffd0acd8ea43f689d8c20fb30,0.0,0x25c205e92aa3078cca9cb6186fcd2bb55a5c83319319088aa8d5cccf035304e7,44933100,0xb97ef9ef8734c71904d8002f8b6bc66dd9c48a6e,0.0
base,avalanche_c,500,500.97,0xdf0913fa12276a9ef196f1aa3c475e44f1fdd1ddf06432dbaa62a20a99971d20,42563560,0x12715a66773bd9c54534a01abf01d05f6b4bd35e,,,,,,,,,,,,
base,avalanche_c,10,10.00535,0x23734dbe276a7d0193e50754f63a9d8a82978941eedaebdacd605298d8311a84,56905445,0x88f15e36308ed060d8543da8e2a5da0810efded2,,,,,,,,,,,,
base,avalanche_c,10,9.99818,0xe7c2e41b1c5f1a30bea41c525f704876930a788ff10b021c4107cd61b93e291e,56975931,0x88f15e36308ed060d8543da8e2a5da0810efded2,,,,,,,,,,,,
base,avalanche_c,10,10.00944,0xfce502348c3329430c3dc33ce28de28e06958b51a1b414adc811b470a300b681,57167541,0x88f15e36308ed060d8543da8e2a5da0810efded2,,,,,,,,,,,,
base,avalanche_c,100,100.10220000000001,0x7bcbb8544db91b29ba982fc522a920201c8e854c204fc3050a5a1bafdc009fc1,38977277,0x4cb69fae7e7af841e44e1a1c30af640739378bb2,,,,,,,,,,,,
base,avalanche_c,10,10.00553,0x5d710c873d3390dfe2d2e7e7be1cf3625e95f5d5a620f2749c6717ac89b8e098,56337411,0x5f2f4771b7dc7e2f7e9c1308b154e1e8957ecab0,,,,,,,,,,,,
base,avalanche_c,10.1,10.103514800000001,0x93dab3d212c2c82cbf280cb8d15a5a700c8e7da83acc9c77f7d2af7a44a45ad4,56924464,0x88f15e36308ed060d8543da8e2a5da0810efded2,,,,,,,,,,,,
base,avalanche_c,10734.335657,10744.715759580318,0x2a2f4537057a48144f6548bcd9214e05a36c280e72693257271c87ed2353387b,39140602,0x4cb69fae7e7af841e44e1a1c30af640739378bb2,,,,,,,,,,,,
base,avalanche_c,10,10.00976,0x2076b53d70ff226b21df0e4bfdc9d85857cbc8bbc71af88e6e5e0c0ef0965c1b,57040564,0x88f15e36308ed060d8543da8e2a5da0810efded2,,,,,,,,,,,,
base,avalanche_c,1.118898,1.1193209434440001,not_found,,0xe615dd926fa73026aa240fe958d0aa84e563fef9,,,,,,,,,,,,
base,avalanche_c,100.514615,100.4060592158,0xa618332170b926f9b441e9d3000ae73d0910c2ba31920d1f8cb66d732adf6ae0,53921261,0x5f2f4771b7dc7e2f7e9c1308b154e1e8957ecab0,,,,,,,,,,,,
base,avalanche_c,2133.005699,2134.345226578972,0xc05b1e5c3eb9a5fbe15153cf899874bb0e50a441609de38054b6ba658ec87986,59900642,0x875d6d37ec55c8cf220b9e5080717549d8aa8eca,,,,,,,,,,,,
base,avalanche_c,10.1,10.1094839,0xdaa020a4360c72b6ec535178462f983131daa7b0174e169aa481c23c9503d027,56939847,0x88f15e36308ed060d8543da8e2a5da0810efded2,,,,,,,,,,,,
base,avalanche_c,10,10.01247,0x2ce64a49f9c64c2e5551d79cb863d4b788fc7b39301985c7e4f5ada39758e9f8,56418009,0x88f15e36308ed060d8543da8e2a5da0810efded2,,,,,,,,,,,,
base,avalanche_c,10,10.00689,0x38fd7dd586cc33357b79787a0e1554dd106bbc7e9fd41a8b61a09df43ead7e46,57019923,0x88f15e36308ed060d8543da8e2a5da0810efded2,,,,,,,,,,,,
base,avalanche_c,10,10.010349999999999,0x67707b5c125953827da1b5e76a53c205c9d8a76d2bbdce27c75ccdca413029cc,57040973,0x88f15e36308ed060d8543da8e2a5da0810efded2,,,,,,,,,,,,
base,avalanche_c,98.455559,98.445614988541,0xdc1a3b6a8213221b3d67dc4ffd48c8012ead21b4eed36bb25c998a8569ac2047,58996691,0x875d6d37ec55c8cf220b9e5080717549d8aa8eca,,,,,,,,,,,,
base,avalanche_c,2297.878318,2298.6159369400784,0xbacb060299316027523af64b33066dfc9c92a2270b87453cfd2023ae5a1231b3,70399910,0xb7c116cabe58181aedb3895564af408736cf5229,0x6254c16f48468094c0fe2292be57a25fea8b96ff2404a0b2178d30b18217bda9,70405096,0x0bf0f966a8c1676d2d76c1863cbd84170b949d53,0.0,0x0924c5ded1a5bf31265127a941d3a2735e0e395ab81477021a7038a5be4078c3,70405117,0x0bf0f966a8c1676d2d76c1863cbd84170b949d53,0.0,0xf58591cc25e13901a5f687e68fe567bb0b7784d2ceb0992ffcf389933ef2d3bb,70440185,0x0bf0f966a8c1676d2d76c1863cbd84170b949d53,0.0
base,avalanche_c,9.6,9.608630400000001,0xaa79bc0178e767ade41715b8f93035b33c4c69877060b896423b26ba54dbf9af,45447869,0x650849425bb8401f08e217dbf7ca22f753e25744,0x72a54c0d36fd2eb4fe8a2d5a3708c71e41a6afcd6d8c3e85e5a01b468849a109,45501420,0xb97ef9ef8734c71904d8002f8b6bc66dd9c48a6e,0.0,0x0aa4c01a201c06dbd7b5d8cc132d3ffee0c905ae547b1f081dfe8439f6b0cb2e,45501545,0x45a01e4e04f14f7a4a6702c74187c5f6222033cd,0.016638858868192587,0x382cb5b3de4775df159d53501d17b96808fb3876e5fc26f70a16c30b2f694396,45541396,0x6e84a6216ea6dacc71ee8e6b0a5b7322eebc0fdd,0.0
base,avalanche_c,10.1,10.1044238,0x17d091e554cb742ea5a9451b75d8a94d1676f2cd02e3be6550d602f2bdf85074,56923514,0x88f15e36308ed060d8543da8e2a5da0810efded2,,,,,,,,,,,,
base,avalanche_c,159.596603,159.822432193245,0x3c7f7dd072dcb47a7b8b8595bdf98e1497ee82816622a93f51b72551ddc360c5,39793285,0x9f8c6c0ccc82c4c7175e5d799587e3759eb92175,0x9c2bae29b7737f18c8ecfc7ec8aabc01b89da578db32b84bf0726867dc4c7a25,39793398,0xb97ef9ef8734c71904d8002f8b6bc66dd9c48a6e,0.0,0x04ef32d06702b1fe11fc06a66ac893c807e1896f7cd23abcc721e66f7329f44c,39793408,0x3a23f943181408eac424116af7b7790c94cb97a5,0.0,0xf1e05cadf4c65d4ea037888da59206adb118b3450244966aefefb1c6bda7bfdd,41799344,0x49d5c2bdffac6ce2bfdb6640f4f80f226bc10bab,0.0
base,avalanche_c,46.120248,46.132423745471996,0x61467ed16757c82f76431d3cd40cf2afc499784a07548f7fc5a9380139f09ea0,62774875,0x5f2f4771b7dc7e2f7e9c1308b154e1e8957ecab0,,,,,,,,,,,,
base,avalanche_c,125.982084,126.0104299689,0x6064a1dc1145f0c233ccb28ee4a09aa6581a5bdd843bad0242f26fa84fb84ea5,69025278,0x875d6d37ec55c8cf220b9e5080717549d8aa8eca,,,,,,,,,,,,
base,avalanche_c,4.506769,4.508621282059,0xd93e20e8bff2c993e6e00b0e0e9a97218b2f098b6108ec81746b281c4ef82ff6,76736952,0x43ca903a4b1328513cc28e8c34b295947d1d0cfa,0x4d58d48fbad75a787c4dc3581cd0828a9d51cd55615ba3496a8979768f928c48,76736957,0xf8c100ab4b2d416609b0ef18105ebf601b2ec84a,0.0,0x401cf8e7fc5bee16eed87708976a7ac31a390ccfa13bb49389282b0f89d45dea,76748615,0xf8c100ab4b2d416609b0ef18105ebf601b2ec84a,0.0,0xe0056ec22d357058620b1cd8d517e9b966393d40ec80b3647f8b7e0bd49c798b,76748809,0x6b25532e1060ce10cc3b0a99e5683b91bfde6982,0.0
base,avalanche_c,430.321889,430.20139887108,0xe6e6a0552d6c5b48b9372cc10320d2800e5ab3eb5ab275e82b531de58cf7fcc5,53353995,0xf18f923480dc144326e6c65d4f3d47aa459bb41c,,,,,,,,,,,,
base,avalanche_c,10,9.99844,0x356d3b97d68f26774e9a38226500871919f3320df244f159d7daf0508a4e5d0f,57139629,0x88f15e36308ed060d8543da8e2a5da0810efded2,,,,,,,,,,,,
base,avalanche_c,535.304361,535.597172485467,0xc9f95677180ad1c53d7fa94be9031c0f50742817c159ab67e4ed93fb4769c3a3,75470304,0x07676b9a00bb542cbe223c57786a0cfd463c646c,0x512c53a340b456e03b89ba03c81ce43cd3ffb93a8bb82aa5cdb238a0458a3fe8,75470309,0x4af3abe954259fb70b97c57ebd7ac1eb822028ef,0.0,0x9b321697a5e3e7d43d6c0d787da8249e20bf3785f30b028bc471b0ab50ca111e,75476756,0x4af3abe954259fb70b97c57ebd7ac1eb822028ef,0.0,0x78f764b0d883110b04bc97c524623267947fcf37ee0a9f6e9f85009662af6f9d,75477210,0x6b25532e1060ce10cc3b0a99e5683b91bfde6982,0.0
base,avalanche_c,25.25,25.25457025,0x4cf10755171b41de6ed37f6a40b9159059437a5828b4616e36e5809e4039c214,49296668,0x164c20a4e11cbe0d8b5e23f5ee35675890be280d,,,,,,,,,,,,
base,avalanche_c,2500,2502.1025,0xa99a90c10a314767323811d6f69ac1ffb28f19f108e09a315e888a78e3412194,72853929,0xe708c0a4595de83135a8732ab87f2706d1ace7f7,0xec34917a8791d61e3ce5ff3fbd748c26b5d526a6729a3a9ff55dd7ea6f2a5d9e,72853944,0x8186359af5f57fbb40c6b14a588d2a59c0c29880,0.0,0xb9913718e774c01fa5e2d14ad0a89c96b20008b4df77621c23172d87571ba0f6,72853983,0x67ea3abd5cee0b99d743155051c191b09135f93c,0.0,0xef0ace26dcea04790d8d514869dd57177ea6781ec9d1b4836c3736bdea93755e,72853992,0x0b4478e810d48b5882d4019d435a2f864bab4f39,0.0
base,avalanche_c,10.483063,10.488094870240001,0x6d30fda7a8cd5957e5d718604806b67aad606a6efe6e7c775c2512982cc9edf1,57389535,0x5f2f4771b7dc7e2f7e9c1308b154e1e8957ecab0,,,,,,,,,,,,
base,avalanche_c,10.906305,10.91819287245,0x406e672b895dc516c84a4de5c4d8fff52008e930abdf656e9e7a9616ed6363f7,56148368,0x5f2f4771b7dc7e2f7e9c1308b154e1e8957ecab0,,,,,,,,,,,,
base,avalanche_c,10.1,10.1032623,0xa8fdc409a8816d7401dc0ff959bae24a951fa09fbb41f87a414a2dc0727457bd,56940283,0x88f15e36308ed060d8543da8e2a5da0810efded2,,,,,,,,,,,,
base,avalanche_c,10.408017,10.418268896745,0x05626f091c55b2d807ea07c66a9cb5d717e538c34d6928d1b9a259b2524f5de9,56223539,0x88f15e36308ed060d8543da8e2a5da0810efded2,,,,,,,,,,,,
base,avalanche_c,10,10.00545,0xba2cbbf4a9002150f001e4acff3e4ecc6e799afd649af678384ff47f05c5c783,57034050,0x88f15e36308ed060d8543da8e2a5da0810efded2,,,,,,,,,,,,
base,avalanche_c,40.023529,40.023488976471,0xd3ad33fe7d78ed60507b106a3bdb39eb4a8d032acc00260e9b9a2b5183a987a0,79811490,0x875d6d37ec55c8cf220b9e5080717549d8aa8eca,,,,,,,,,,,,
base,avalanche_c,42000,42022.89,0x2d9e7385895693204316a9cd8098864c73875b6b1449ea1830e7004377341b24,56044760,0x5f2f4771b7dc7e2f7e9c1308b154e1e8957ecab0,,,,,,,,,,,,
base,avalanche_c,10,10.00659,0x47b70de8490fcb54fb37afc8a354138a7049040eb5e4b248eb79db21491f839d,56688427,0x88f15e36308ed060d8543da8e2a5da0810efded2,,,,,,,,,,,,
base,avalanche_c,10.1,10.104767200000001,0x844156a4c9c29f0ef5686eb3c8ec27f6da8add8cb5fcb05db4f6d398973772a3,71324541,0x88f15e36308ed060d8543da8e2a5da0810efded2,,,,,,,,,,,,
base,avalanche_c,4.415543,4.417967133107,0x01bef50817e70fbef917964a8ac0a39f857cf8dffaf66ce17a8ba68508361fa5,79187389,0x50ee45e641c493dbac9822a03755f5d3131d0442,0x691ec40c86685615f7c8d9570d3c53c2970a909f83fa43743af73a6cf72d3070,79187394,0xf8c100ab4b2d416609b0ef18105ebf601b2ec84a,0.0,0x8f87f8ce7967e05563de1ad90409843e16d2b6360b653cd23eba4034e6c516da,79201226,0xf8c100ab4b2d416609b0ef18105ebf601b2ec84a,0.0,0xb16c72d64baa2b34d4f051f58b17036418bb138ecb1319ac27b957f5b4270157,79201227,0x1f0570a081fee0e4df6eac470f9d2d53cdeda1c5,0.0
base,avalanche_c,14013.856227,14018.15848086169,0xc3332f45b5360f22fb00423e0cf82931d031578cb8d192089ba3bf2334a19373,38036384,0x793491fe4a7b25eee0065e484a52c7a0dfd8c0d9,0x45de679dadc419f02f04a48d128f5e64e9ec5974acf07f15af7e5da698d80a7a,38036507,0xb97ef9ef8734c71904d8002f8b6bc66dd9c48a6e,0.0,0xee33f7a4494fb17d790566af10b7030bf6d0d01c7820349060e411d4c0ef5144,38037616,0xdef171fe48cf0115b1d80b88dc8eab59176fee57,0.0,0xd6f4f05909b23d190eaae9e5b143462093a8a1f94e5835d9d16e7d6a21046190,38037652,0xb97ef9ef8734c71904d8002f8b6bc66dd9c48a6e,0.0
base,avalanche_c,249.25,249.27392800000004,0x75e79bbdb4e73238445416bf4a0ffb5f75fbf2df5f4ac4f67dc57443f750c9ad,49217927,0x164c20a4e11cbe0d8b5e23f5ee35675890be280d,,,,,,,,,,,,
base,avalanche_c,12,12.015996,0x056b0f386066e7f879d0da6847961ee6249b51536d30a61d2acf72d065aae243,56414166,0x5f2f4771b7dc7e2f7e9c1308b154e1e8957ecab0,,,,,,,,,,,,
base,avalanche_c,299.612169,300.01514736730496,0x277d42f8ad79a1d6f73ec577d6e0ddef261627f90d3c918451f959205156068f,44497811,0xe1c14b9f065dead2e89ee35382f8bd42bdb87a04,,,,,,,,,,,,
base,avalanche_c,299.612169,300.01514736730496,0x277d42f8ad79a1d6f73ec577d6e0ddef261627f90d3c918451f959205156068f,44497811,0xe1c14b9f065dead2e89ee35382f8bd42bdb87a04,,,,,,,,,,,,
base,avalanche_c,8.758986,8.768069068482001,0x33d74f609c310a4f6a794de18777e8e89910efcbe2f1c360e9a3187fa413226c,46985858,0x2967e7bb9daa5711ac332caf874bd47ef99b3820,,,,,,,,,,,,
base,avalanche_c,297.175,297.26177509999997,0xef529bc01efe7363a790b3aff1e8d30206a5f939b1b427c51397bb152d264221,52697466,0x8f9c5bcb47edb789c3a7a9c7e3fd8e8cc6a2e12a,0xe876cd4042e003e168ed3afad0a4102fb27c17091ec3b1cf111ea86c0ceaf75e,52697666,0xb97ef9ef8734c71904d8002f8b6bc66dd9c48a6e,0.0,0x8ffe68c6f9a7b9441846d493b76e8842a28284ab3bb1626de507cb4546ca6db2,52697671,0x18556da13313f3532c54711497a8fedac273220e,0.0,0x51bc968d59e96d2716b123f5da6ca71a5f835dacb2a7db4dc1ef0b1c0f7bda54,52795542,0xb97ef9ef8734c71904d8002f8b6bc66dd9c48a6e,0.0
base,avalanche_c,10,10.00893,0xa81bb1fda4b373fa3f5c3e14cb9cd5708b640f9dd04d33169c06cf3af296d239,57047130,0x88f15e36308ed060d8543da8e2a5da0810efded2,,,,,,,,,,,,
base,avalanche_c,10,10.00089,0x3c10190029e21851d9ea5c5e4649d603d22bd8cfc05ed60b6660c14084265948,56836647,0x88f15e36308ed060d8543da8e2a5da0810efded2,,,,,,,,,,,,
base,avalanche_c,10,10.00616,0xe6beb4f45afce032b6902e57fe1117ce05069ea93f3672c1949c70cea71fde48,56977091,0x88f15e36308ed060d8543da8e2a5da0810efded2,,,,,,,,,,,,
base,avalanche_c,38.724483,38.740553660445,0x915988d0c4627b82c2b7d543a515f2719d59f2d8c92d4a8671fafaf130578e26,79075511,0x5f2f4771b7dc7e2f7e9c1308b154e1e8957ecab0,,,,,,,,,,,,
base,avalanche_c,10,10.01055,0xc080d72549f821f32c4e93b2333b1aa5e59d1cce1849fbc8cd17fdb153c89aea,57039405,0x88f15e36308ed060d8543da8e2a5da0810efded2,,,,,,,,,,,,
base,avalanche_c,496.162699,496.58890275844095,0x75cf4406fa3ac0b7520abff85a1453cd35520d38da82072f6839ad1bd7c0fa43,44642635,0x164bbbdb5996709fb4655db794339a511b6faac6,0xc6ad136b38bf457a3724a47acb9ef82d3d193b09d4f8c7b29d22165a71531d36,77246889,0xb97ef9ef8734c71904d8002f8b6bc66dd9c48a6e,0.0,0x78126d2d6b28e0073575e6b55f64d7efe5380fb30d86d00112d4813266c48a1b,77246918,0x9068e1c28941d0a680197cc03be8afe27ccaeea9,0.0,,,,
base,avalanche_c,246.200174,246.25015263532197,0x1be5c528bae4ece0d2658d6bd10ebe067aa65bf7069371b2617a2aefcfded076,51027916,0x892247e18596123f063814eb71ee85d082ca7ab2,0x06159a00c88d526cfbda694b32c6e0a2b8ac2f9dd5b79b2744660135269f791e,51027931,0xb97ef9ef8734c71904d8002f8b6bc66dd9c48a6e,0.0,0x639815b62d67ee30e3049da69b5f3337edf68d9f2093371fea11d0faa31ec692,51027944,0x1231deb6f5749ef6ce6943a275a1d3e7486f4eae,0.0,0xd161afa34c7c956cda67b39bc665ae1983c015fe3ba252a633493cc55c8bb7d4,51028507,0x18556da13313f3532c54711497a8fedac273220e,0.0
base,avalanche_c,634.947226,635.0227847198939,0xe35f4d9fce39d73b1fdd481956cb01442fa65b1c4fda86dbe60f9b8c55a7abc5,54195336,0x8d1dd5e79b4ffd792d632eefa3eb5c1d10266907,0x071ef3bed1b54018a2c4c7f9b2f122380c69e3670c3fed8996da1f9c5ef44d1c,54197558,0x9293b7669e1c300c5601bc5e72dfd9109d88b766,0.0,0xd5b4df384ed5633bb309e8d9ddb3535bfa3a0df986338b906e839f40f0979daa,54197643,0x18556da13313f3532c54711497a8fedac273220e,0.0,0xdd97a629f70e61f1eb976ca4df618d8521fb71c6973f6c4a657b0d1356434d50,54197714,0xabe7a9dfda35230ff60d1590a929ae0644c47dc1,0.0
base,avalanche_c,10,10.00291,0x6dc51188e6e0bdc32112c11d843ab18fec54b3a3a1226db1274cf018d0b256f9,56309418,0x5f2f4771b7dc7e2f7e9c1308b154e1e8957ecab0,,,,,,,,,,,,
base,avalanche_c,10,10.010349999999999,0xac8affb66b7878a0e25384cba3469e82a5317ff4c51a251054c60e05fdd05f1c,57040755,0x88f15e36308ed060d8543da8e2a5da0810efded2,,,,,,,,,,,,
base,avalanche_c,194.751079,194.759453296397,0xd5a592928d712f64fe73b5e85228bd68754218536e98f57caa49bb7b43a3b601,46247144,0x7ff1c0dd3291ede5df0a8806bc5b358b33a105cc,0xa071e4bc6bc49828e886ce29f43f0a15395e7aea5c42b8955b9699809126b237,46247267,0xb97ef9ef8734c71904d8002f8b6bc66dd9c48a6e,0.0,0x018da8af5c8b9cbd837abd2154fbdb07125bf4951bf362bab7f288f5f1ec144c,46247336,0x1231deb6f5749ef6ce6943a275a1d3e7486f4eae,0.0,0x4ac63d218c88c137d7e2cac5a6797bf912176849b4e5d000d1deda2f42ffc825,46248240,0xb97ef9ef8734c71904d8002f8b6bc66dd9c48a6e,0.0
base,avalanche_c,10,10.00156,0x424620ff755441382dd6a6d43ea77ea8ad585038ba7009e902c38b6d4b6aa0d3,55421217,0x88f15e36308ed060d8543da8e2a5da0810efded2,,,,,,,,,,,,
base,avalanche_c,25.5,25.5194565,0x5b464a22b15f90b6a16d5e4e3ceecd819fc5ac93c5f4ef955c6d2e02d1afc52c,51309338,0x164c20a4e11cbe0d8b5e23f5ee35675890be280d,,,,,,,,,,,,
base,avalanche_c,0.000900000000009096,2.6259480000265394,not_found,,0x9458c54a975e7d61c9fb7103553692a590c28e08,,,,,,,,,,,,
base,avalanche_c,10,10.00103,0xc4a34ac6c2e83a482ab6f282c15ed83ce6cd4b05fd0ca0a036aa1e4355e36d86,56968480,0x88f15e36308ed060d8543da8e2a5da0810efded2,,,,,,,,,,,,
base,avalanche_c,15.115607,15.121109080948,0x3eb3393abc9414812ceed313298ccd8f1b4014f541b20f80f8c2f33794afbf6a,57647929,0xf956d9fa19656d8e5219fd6fa8ba6cb198094138,,,,,,,,,,,,
base,avalanche_c,514.871022,515.4234786066061,0x51854e51196f4381e53730ebff91bd6ca80c06ecf33a4178e645b0d3a830604e,48516511,0x4c3159f83eb4e6ff6b93efae4229c0b8a4095e65,0xdefae19898b992746e74f16be41036ccd19431aaee4c89986305d916abc83e77,48516688,0xb715808a78f6041e46d61cb123c9b4a27056ae9c,0.0,0xb85632d464a10f0eed92f00e29c7a193f5f0d1c55b81b5ee9e2402760c7881eb,48673822,0xdef171fe48cf0115b1d80b88dc8eab59176fee57,0.0,0x243426bfb7007c0d98b22933e2d174d34271c1cb92a0154a3cf99dc4c6b55555,48674253,0xb97ef9ef8734c71904d8002f8b6bc66dd9c48a6e,0.0
base,avalanche_c,2,1.999094,0x4566c1cc08503129b8132efac2f49ef68626def314de82283e623cb3aa07f73b,66202298,0x88f15e36308ed060d8543da8e2a5da0810efded2,,,,,,,,,,,,
base,avalanche_c,6.027054,6.034563709284,0x3f6759951a2667940560f16f3e3462c18997bcc74bbe33f898212bafa90b4beb,47666050,0xe1c14b9f065dead2e89ee35382f8bd42bdb87a04,,,,,,,,,,,,
base,avalanche_c,1694.907,1694.244291363,not_found,,0x120add821f8d8dc1c5fafbc0c1265f9b719b86d6,,,,,,,,,,,,
base,avalanche_c,2209.706153,2211.3148190793845,0xa8bb3a0632cb65bc243ed2d3a850ec7e54a8bbf5b31f604a6ee2830983f20d3f,49809912,0x451f52446ebd4376d4a05f4267ef1a03acf1aaf4,0xcfb15b4722aec139f81fd6ea2c2c16b8ea84a90de23f7b5e10f4567d0289fce7,49809918,0x6b25532e1060ce10cc3b0a99e5683b91bfde6982,0.0,0xfcba41ec3577ee7d70a72805e3ab72dd66947d13b370a57d1a23ef5669126cbe,49809935,0x6b25532e1060ce10cc3b0a99e5683b91bfde6982,0.0,0x50ea7dcd1cd0407342b37b542249cb291e3336cfdf59fc4eebf1983c60ff898e,49809949,0x6b25532e1060ce10cc3b0a99e5683b91bfde6982,0.0
base,avalanche_c,6.297768,6.297131925432001,0x0f6745b4207fcdd80c01fe0ae68b186ebb3bce62d1626534e55d65b7f0dbf703,79607427,0xc30673f758e02069e28181edfd9d424c57f562af,0xe501be586bb8452f342115e127259c9e4d6b3e336fc5f6eaab6676284242a35d,79607432,0x1f0570a081fee0e4df6eac470f9d2d53cdeda1c5,0.0,0xc5fe7818d7b6a51af804b274f38d99946f9e59e95bd2a4e6f6d181e642be8bae,79613256,0xf8c100ab4b2d416609b0ef18105ebf601b2ec84a,0.0,0xc7e4d11ccc03198350f268f0da350991573408c4c1f1921d519c072c8ec8509f,79614420,0x8186359af5f57fbb40c6b14a588d2a59c0c29880,0.0
base,avalanche_c,30035.429513,30074.77592566203,0xee9ddf3b876a09115352a3f40b0cb2eecaac0db3ed38bb885413a4bab1697f3c,52599819,0x72bfae063724276958c8df2e0b64d0b5bb0bbc04,0x134efefa6fee285f3ffeb4a081d75110979232f10efecfd83c987f26a2f5c5cf,52599842,0xf956d9fa19656d8e5219fd6fa8ba6cb198094138,0.0,0x2237f94debdefc5fd0649aa9415dcde9910f486ee33c1da29db7222cb1b6b623,52601028,0xb97ef9ef8734c71904d8002f8b6bc66dd9c48a6e,0.0,0x7c75e8458a38cebee0af7672576092302f58104fc9fd725875c4c1a7d10cf821,52601033,0x18556da13313f3532c54711497a8fedac273220e,0.0
base,avalanche_c,9.200376,9.208573535016,0xc603506a37b047db8d6e9e48811646e7f74e4dec84de922ca326ca5ec3391236,64136844,0x875d6d37ec55c8cf220b9e5080717549d8aa8eca,,,,,,,,,,,,
base,avalanche_c,33,33.016236,0xa5677940730b751b2be68a503fc19e67d5d83817847a82410bf99b2cfe69705f,51598542,0x164c20a4e11cbe0d8b5e23f5ee35675890be280d,,,,,,,,,,,,
base,avalanche_c,79.613134,79.64665112941401,0x930e7ba8b1d835168c77c967191dd1213f54d3a5f4180453156105d85de020c0,54837643,0xf18f923480dc144326e6c65d4f3d47aa459bb41c,,,,,,,,,,,,
base,avalanche_c,10,10.00235,0xb4a5d679ba9dbbe9564d8bec52b1543d6539a0dce2894a332c364fcbb77e9ac0,56793488,0x88f15e36308ed060d8543da8e2a5da0810efded2,,,,,,,,,,,,
base,avalanche_c,10.1,10.109625300000001,0x52fd6c6ae80f559d61e0fda8770ce54340b2e758e3007a3052a9ea3999dc22ad,56767052,0x5f2f4771b7dc7e2f7e9c1308b154e1e8957ecab0,,,,,,,,,,,,
base,avalanche_c,10,10.00502,0x395b1d97e17d2a0f5a4a3dd8ef0f74dbdf9311f82d5c27b3d0e60ddc2b73f0f1,56340957,0x88f15e36308ed060d8543da8e2a5da0810efded2,,,,,,,,,,,,
base,avalanche_c,463.073189,463.378354231551,0xee49d2d4a3853453d27d593b31f5bed262c6cf969b97c42f7ce77def9524e501,56043588,0x5f2f4771b7dc7e2f7e9c1308b154e1e8957ecab0,,,,,,,,,,,,
base,avalanche_c,10651.549588,10654.968735417748,0x06b9b1391af33093616e0ee2eccc922642b793496add0ef25c8d9dc92d218c4a,42317738,0xa7f66eda7e307660ea850a1a7a73ee12a8af0a07,0xc738f8bb767c8d85c2d2a4eb805bdd5433928a6d3a7fc37ead5534f946897297,42320574,0xb97ef9ef8734c71904d8002f8b6bc66dd9c48a6e,0.0,0xa0cef5a1bc0f975931f65b1759df512e59e8e51e55c9a8d89c190035e4f0e375,42320585,0x3a23f943181408eac424116af7b7790c94cb97a5,0.0,0x2c4474788ee21f3e8040e46b7a5fd9ec08f5036d9218919809d619a8c43bef4a,42345013,0xb4315e873dbcf96ffd0acd8ea43f689d8c20fb30,0.0
base,avalanche_c,918.333221,918.932892593313,0x0028214493f690341c00a343044b7ed7e3f9ab55900e98170167cc5b5fcf84df,64953255,0x875d6d37ec55c8cf220b9e5080717549d8aa8eca,,,,,,,,,,,,
base,avalanche_c,13.028343,13.032420871359,0x5df59664bdbe0b1fba939bce9a898c3d10974d3ce820c1f046f4a06e9b2f2ae5,67776979,0x875d6d37ec55c8cf220b9e5080717549d8aa8eca,,,,,,,,,,,,
base,avalanche_c,1102,1101.502998,0x58d71305684ea3429d2c79b9c470b15580bf5aa8d27537e728265055e8fcb6c7,55419485,0xf18f923480dc144326e6c65d4f3d47aa459bb41c,,,,,,,,,,,,
base,avalanche_c,120.4,120.4398524,0xd9a35803a05c1a6cb74499119367e422fbd10cc14120f6c36fc719edfa7715b6,56581371,0x164c20a4e11cbe0d8b5e23f5ee35675890be280d,,,,,,,,,,,,
base,avalanche_c,199999.8,200338.59966120002,0x91f291fd85c523e02a2fad624b84ff3752a3bf10c9b303bebcb9d7d921ddf506,48776354,0x134575ff75f9882ca905ee1d78c9340c091d6056,0x3c85ef4d652ff1355e19c2b79052e74e6b25c80aec3ffd980ad1f64ce2aa0269,48776375,0xb715808a78f6041e46d61cb123c9b4a27056ae9c,0.0,0x2293689b17c5c95feaf790bac62c20bb1417de85eaaf9408985283a89fbd03a6,48816386,0xb715808a78f6041e46d61cb123c9b4a27056ae9c,0.0,0xd2fdc4b1de2ad22348d48701c5a70e0779652ece26accd76869dda3a35ce5d97,48858605,0xb97ef9ef8734c71904d8002f8b6bc66dd9c48a6e,0.0
base,avalanche_c,92737.8221,92765.73618445211,0xcdf155608f89795ae13b25879719ff748524e48f63b4c780687fc50c5073dc56,56154103,0x555ce236c0220695b68341bc48c68d52210cc35b,0xc2fd186654b64283d01cbfba4df7ee5b45340975c3f2b75129007a0dda952dc9,56154512,0x6b25532e1060ce10cc3b0a99e5683b91bfde6982,0.0,0xe33f4ef7351ae338941399be92da8de61a8f57e58ba1f5f8dfcb8fb0f607532b,56155498,0xe7351fd770a37282b91d153ee690b63579d6dd7f,0.0,0x7375eb05a8bfb04d076d78bd743dc6cedcea304d66c96c2124969bef9e39eeb2,56155749,0xe7351fd770a37282b91d153ee690b63579d6dd7f,0.0
base,avalanche_c,210862.510257,210819.70516741785,0x63aa992778b4f1f95b91ae30380ef0bc10fba70f628c35e7a88368d0c8867375,67518708,0x875d6d37ec55c8cf220b9e5080717549d8aa8eca,,,,,,,,,,,,
base,avalanche_c,10000,10003.3,0x497f17a9c1b2e297b8cd1a3dcafe60d8182fd6823fcf09acd39418e8fc5e06c3,68828836,0x875d6d37ec55c8cf220b9e5080717549d8aa8eca,,,,,,,,,,,,
base,avalanche_c,626.565731,626.4404178538001,0xff6ee871759ba2147d76fd491dc2b4df4e187060dc1d703696055fd7230e160b,50502014,0xb0d83a0621e97f66c7e3b4443a6450ae4e649657,0x07bb910586a2a6d8a110df155bb4ed97cbfdf28dcf55cf0a820e93602146a739,59899786,0xb97ef9ef8734c71904d8002f8b6bc66dd9c48a6e,0.0,0x126abccdbb9baa44c9d78aa3f9c3fb742ccf804af2ac7a24573e226af724552b,61687959,0x8a0727b824ce0489ca8b80d3f4cd20302d2ee068,0.0739980519139924,,,,
base,avalanche_c,10,10.00516,0xed6eeec3450919514e89e5629ae6e6ede1e918e13d37967ec5157d4cc2852d44,57020514,0x88f15e36308ed060d8543da8e2a5da0810efded2,,,,,,,,,,,,
base,avalanche_c,46.860661,46.91801844906399,0x9abdb9b9e4e6c8e9deeffe72828d5f764d0dc8499309d965ac6128d29cd2f852,42897626,0x08b00ceee2fb66029b53d76110b19eeaabfd1e65,0x231a5875c8d9a4a406c311daec982dfb2c1c50b7b158849d551dacce0da91fee,42898266,0x6b25532e1060ce10cc3b0a99e5683b91bfde6982,0.0,0x2149c7c919ba5a7a5b953ad072059a2a91c59f7167a820858b69f37132697a8e,42898273,0x8186359af5f57fbb40c6b14a588d2a59c0c29880,0.0,0x7c3e73a342d0a523c103201e333437cb451608c3cd2ba2613dd5f443b28a5138,42899079,0x8186359af5f57fbb40c6b14a588d2a59c0c29880,0.0
base,avalanche_c,6100.645281,6107.484104360001,0x6d40321539edc472cfa9bc0686ab034b7963e390721ba049c3b39ac59fe76e3f,55044158,0x164c20a4e11cbe0d8b5e23f5ee35675890be280d,,,,,,,,,,,,
base,avalanche_c,10.056076,10.063256038264,0xa39ed268e9d3f0f99f8e75e76f0730097026a7fd1116a1e641be1bcd6da0c2e7,53117574,0x88f15e36308ed060d8543da8e2a5da0810efded2,,,,,,,,,,,,
base,avalanche_c,14530.880552,14514.547842259552,0x05290b9258b84875fcad0fb30cf83d0ef10eb7e656aaadfe57a8a09ae1423053,65395176,0xff3db913467576bff1fd2d4b79d4b3aa980aeccd,0x7852da2d8f7667efa3e39229838fbe44438c432530e396f2fff1d190ae6c0eef,65403031,0xb97ef9ef8734c71904d8002f8b6bc66dd9c48a6e,0.0,0x611fd5869dabb4e47afe943e249f0ebd1267712a47c915a83b9298f18edd3920,65403091,0x6131b5fae19ea4f9d964eac0408e4408b66337b5,0.0,0x5e59108cdffe3b31eda4ff9d97001d524e4303c78eb0418a21084733d18244cb,65403130,0xb97ef9ef8734c71904d8002f8b6bc66dd9c48a6e,0.0
base,avalanche_c,413.682934,413.86660922269607,0x404e2590e8ac4f44578cf212a3fe06872b506fbbbc8c9b2ed1f73093d68c9d4d,73718978,0x5f2f4771b7dc7e2f7e9c1308b154e1e8957ecab0,,,,,,,,,,,,
base,avalanche_c,24.5,24.506443499999996,0xbad35e98c7e7b8f3e8f25644c1bf5f5523ec51150f94751776f3ab4de05c655d,51358275,0x164c20a4e11cbe0d8b5e23f5ee35675890be280d,,,,,,,,,,,,
base,avalanche_c,10,10.00834,0x1e2610ba90cc89a9317fb8f09e0f4aabd051d3317b774f4af43d511b31134070,56986713,0x88f15e36308ed060d8543da8e2a5da0810efded2,,,,,,,,,,,,
base,avalanche_c,10,10.00693,0xc264818dcfc19798a38f2478659d2e79b32d7c1b7805a8f7e3a535a6e3482144,57067806,0x88f15e36308ed060d8543da8e2a5da0810efded2,,,,,,,,,,,,
base,avalanche_c,1.998615,2.00166088926,0x26d290506ac5a57be63ea99cff93f62505e1acdcb6837c0b55d476bc0d01678c,61541859,0xf956d9fa19656d8e5219fd6fa8ba6cb198094138,,,,,,,,,,,,
base,avalanche_c,5861,5859.528889,0x1c7d24ee2a4f1d3e3edf3ea7aebba09f8277c12708f3d0ffc5f2b2cd9b06f625,66315363,0x875d6d37ec55c8cf220b9e5080717549d8aa8eca,,,,,,,,,,,,
base,avalanche_c,9.244967,9.261423041259999,0x4049eaffa41889109835ec3676ce15608d4b820520558e31469b30de4a9a07e4,44392909,0xe1c14b9f065dead2e89ee35382f8bd42bdb87a04,,,,,,,,,,,,
base,avalanche_c,2100.576788,2101.908553683592,0x60fa5874cfa1dbeb77c5bd2f6558530e8677a9ed4addb78f07efee8010b0e6b8,46398340,0xe1c14b9f065dead2e89ee35382f8bd42bdb87a04,,,,,,,,,,,,
base,avalanche_c,1,1.001169,0x3b54d71f3b3b8fdd46e36f22fc060ef484e93a641627e442f487ecfb264cdc41,41246475,0x6b5d9a424c11d04ca4bd7af8e76b9b02c4228fcd,0x9a94d1a55fdee41fb02c05c46d2e10ed0fb521099620f48e7548c18c79792164,41246833,0xb97ef9ef8734c71904d8002f8b6bc66dd9c48a6e,0.0,0x39fd17f16b4092519cec32102499306a0d67dc8e68afd2dc8e63bd3751eaf348,41246883,0x6b25532e1060ce10cc3b0a99e5683b91bfde6982,0.0,0x978bace20cdde6e9f67167f93f651af05ad546e662b98e5b93dc34b01c444212,41295767,0x13d8c4e3741e968cc8e740bdb02537cb1d2d70e6,0.0
base,avalanche_c,10,10.00952,0xc3526186f5aaba8fc0e1b1dce47a196632b12e8c1929becba42aaff76592cb29,57042069,0x88f15e36308ed060d8543da8e2a5da0810efded2,,,,,,,,,,,,
base,avalanche_c,10,10.006790000000002,0x499ed9aec2b3b325f51c83694fdcf619bd4515fa87e5fde993b2fddf8f4e2aef,57033023,0x88f15e36308ed060d8543da8e2a5da0810efded2,,,,,,,,,,,,
base,avalanche_c,27.343579,27.363594499828,0xa9978f5447fd79de6b7e8bd1710654aa925cfbfed04f04a3a8725b84cfc5bba4,57753992,0x88f15e36308ed060d8543da8e2a5da0810efded2,,,,,,,,,,,,
base,avalanche_c,25,25.016725,0xfbefc1635e848bac598a21228a3cb1fbcb675f2d0844d3b965e8607c408237e5,57756111,0x88f15e36308ed060d8543da8e2a5da0810efded2,,,,,,,,,,,,
base,avalanche_c,26.025469,26.036738028077,0x0cf77a45e0a59a139aa3bc62e11c03cc5d12f3bacf3f901bed5ecbb281b8940a,51651833,0x164c20a4e11cbe0d8b5e23f5ee35675890be280d,,,,,,,,,,,,
base,avalanche_c,10.1,10.1059388,0x2f60e8ab57979b0de6646a23f2549961998409fee2d91d36e94d7063c24f6d8d,56939234,0x88f15e36308ed060d8543da8e2a5da0810efded2,,,,,,,,,,,,
base,avalanche_c,8002,8005.48087,0xfeffc962668803d201df1d0383881174051200021d73e1c808277331cec36aaf,45675415,0x4cb69fae7e7af841e44e1a1c30af640739378bb2,,,,,,,,,,,,
base,avalanche_c,2876.39788,2878.1927522771202,0x5c71f609423d54d2f329a7064c4141675cd2a6e44d21b5d094d0abd4ff01b40e,55208255,0x334b5c2ae1a002d76d1f81ce65fc627c852ab887,0x4d53f3bcc1df33a4839c02197954894d7426ae3a3e371711ec3b5483b928d645,55208670,0xb97ef9ef8734c71904d8002f8b6bc66dd9c48a6e,0.0,0x4fdefdaf2cee394a1ab2776a7c2a8aaee92bea24096b9888bc561bced2c659cd,55208679,0xce16f69375520ab01377ce7b88f5ba8c48f8d666,0.004312970683504773,0xebeb28c12e0f87ea4a5f3e9660c87e0c14c12e377d80e3074f00504257a30a62,55213778,0xb97ef9ef8734c71904d8002f8b6bc66dd9c48a6e,0.0
base,avalanche_c,10.706954,10.708849130858,0xc9d4acb9aa9da6156d15ac2cf2e50875f4f57801fe473664d25047a07d34f908,56293809,0x5f2f4771b7dc7e2f7e9c1308b154e1e8957ecab0,,,,,,,,,,,,
base,avalanche_c,88.862623,88.946242728243,0x1baa2da81d2ddc756be0e67f92239e7a41be2ed54e3ac36244ab3da926ba7904,44349011,0xf956d9fa19656d8e5219fd6fa8ba6cb198094138,,,,,,,,,,,,
base,avalanche_c,150.522417,150.68182023960298,0x3508dff08a7bdb715bc2cb8548877b4c28f211fcb4e269b430dc6d9fb0c6325d,37970608,0x22de65495f59ff736efbb5a340fd110b9f8ab917,0xf9b565fcd224bb44ab3c351a52f899c6409c35bbfbeb521c649a63720e8d3acc,37971066,0xb97ef9ef8734c71904d8002f8b6bc66dd9c48a6e,0.0,0xcbf7512a8cecaf6b97a9fe88cb75cc5081e43cd4924a6016c39a399190ef57fe,37971088,0x88de50b233052e4fb783d4f6db78cc34fea3e9fc,0.0,0x39ef32766194bcce653439a3ad9c47506e0d849e557b0e27a0290f19922ba8ed,38034247,0x794a61358d6845594f94dc1db02a252b5b4814ad,0.0
base,avalanche_c,19.9565,19.9803081045,0xcdad4de6147f5d5188c87a0f9a655b785770b4d27846bb72f0da62580b98c08a,39677492,0x83e9adbe18e7b75fd8922c25884e2beabbbf7afa,0x5de10f1a251566f21e1aeb8d0adbc9318e3023247bf34f0478131f1c828ba449,40307546,0xb97ef9ef8734c71904d8002f8b6bc66dd9c48a6e,0.0,0x97b68fdad6049f056cf7975fc1a89f96c06589eb0bc333e397484a829e822d89,40307624,0xb97ef9ef8734c71904d8002f8b6bc66dd9c48a6e,0.0,0x396a6cba1a22158219994b1c0fd53469cd4d51f111e26248bb672ca5733b767e,40307655,0xb97ef9ef8734c71904d8002f8b6bc66dd9c48a6e,0.0
base,avalanche_c,33.321727,33.345352104443,0x761529fd236a029d52f0211d011231c15f73e9b7d33509a936f037ab2fd2b0a4,57418223,0x88f15e36308ed060d8543da8e2a5da0810efded2,,,,,,,,,,,,
base,avalanche_c,10,10.010269999999998,0xa632d43a8f50ba5d29119f939788592bf5c46adcfd95f8ac0d736b548161b216,57086971,0x88f15e36308ed060d8543da8e2a5da0810efded2,,,,,,,,,,,,
base,avalanche_c,704.64,705.02825664,0x39a784534003fe5c54539aa40507bf77e2d4c80a09686fe102b743f74affa7ae,55503421,0xf18f923480dc144326e6c65d4f3d47aa459bb41c,,,,,,,,,,,,
base,avalanche_c,3.999999,4.003414999146,0xac07f685f81c443f79ba4e1e5d5dd6026db9d8fe0476bad9e2d3d4c6d51e618e,71292760,0x875d6d37ec55c8cf220b9e5080717549d8aa8eca,,,,,,,,,,,,
base,avalanche_c,10.1,10.096242799999999,0x2bd7bbbe126a2bf5803c71836ad7b1a92a99acf3c1136e1b03d06761f148b02a,56924982,0x88f15e36308ed060d8543da8e2a5da0810efded2,,,,,,,,,,,,
base,avalanche_c,2789.516185,2787.577471251425,0xb15239ddf64bf4ec4e2eabe226d988440ea085a6f6915d1719849cbc5b068362,53821845,0xf956d9fa19656d8e5219fd6fa8ba6cb198094138,,,,,,,,,,,,
base,avalanche_c,785,785.2998700000002,0x0b8867955d90927f3f58f6221667cba9b897158278562a7f00fe5216d3655867,56559744,0xf18f923480dc144326e6c65d4f3d47aa459bb41c,,,,,,,,,,,,
base,avalanche_c,10,10.00511,0x29829cca3a3a98c610edd38da7176f592448f29f0fabb3952714205e59061661,57033245,0x88f15e36308ed060d8543da8e2a5da0810efded2,,,,,,,,,,,,
base,avalanche_c,26.40686,26.40136737312,0xbc054a9ddddf23f395bde5854757dc8af6349aa325240b11ca98706308f8fc95,67107563,0x875d6d37ec55c8cf220b9e5080717549d8aa8eca,,,,,,,,,,,,
base,avalanche_c,24.75,24.7696515,0x64b3e8dec6c2914259e344440b3c1717da37ce3ab2fe7d18fe3df515afddeef8,49935631,0x164c20a4e11cbe0d8b5e23f5ee35675890be280d,,,,,,,,,,,,
base,avalanche_c,10.560015,10.565052127155,0xf7fc3c3a289517afc40513a57c592d14fb2a78fe42587c494fae7777b9d32643,56178698,0x88f15e36308ed060d8543da8e2a5da0810efded2,,,,,,,,,,,,
base,avalanche_c,409.527989,409.720057626841,0xa691a5628417b07b3664279ed5ad966a9221028776fa57c4153f2de96cc0292a,71404027,0x5f2f4771b7dc7e2f7e9c1308b154e1e8957ecab0,,,,,,,,,,,,
base,avalanche_c,100.068733,100.139981937896,0xe1b20b636f06aa7122320e7bd9b066a1eb2946ae6c297d643ad8044041a07e24,67847889,0x9ff3f6735fb8e74314c82171c696e7ad103f8d51,0x522d8f7a5ce0228fee5d4e07feef09a7bdcac12d2b5a2ca204c54e6ab2cc7fa0,67847930,0xb97ef9ef8734c71904d8002f8b6bc66dd9c48a6e,0.0,0x6a9fb0e80b620799ed3a8326cc0f080d4fa2d26f901f243bcaed6a9b1859859b,67847939,0x794a61358d6845594f94dc1db02a252b5b4814ad,0.0,0xef93a7db1125d214e8ba9a3e405f1c76109c67f16f009d6dda092887b4a8d279,67910238,0x794a61358d6845594f94dc1db02a252b5b4814ad,0.0
base,avalanche_c,106.855236,106.878957862392,0x9121d19f71e8d1c880f490a2499ba05c837a1000d60278178607fc313205c28c,70412341,0x875d6d37ec55c8cf220b9e5080717549d8aa8eca,,,,,,,,,,,,
base,avalanche_c,10,10.00231,0xf543834ac67020928a34c370131c4c3c0d883ea3d4c24c9917aadab7c0bffcf5,56791719,0x88f15e36308ed060d8543da8e2a5da0810efded2,,,,,,,,,,,,
base,avalanche_c,13.402964,13.420562091731998,0xa676d57a961dcef5b323dada1ea58fde9405de218acab8d24ca849f01e76416e,56072695,0x88f15e36308ed060d8543da8e2a5da0810efded2,,,,,,,,,,,,
base,avalanche_c,79.894756,79.916087899852,0xc4ef8373055e370691b635033a830ec22945494642afea33290d35e983853d07,56341646,0xf18f923480dc144326e6c65d4f3d47aa459bb41c,,,,,,,,,,,,
base,avalanche_c,10,10.00448,0x20f23b08f1ae02ba5e0721e3a64e03701b77be0fa9ea0ff477fecf40dbff1250,57085974,0x88f15e36308ed060d8543da8e2a5da0810efded2,,,,,,,,,,,,
base,avalanche_c,499.955181,500.0231749046159,0x3ae9bb926b426c1ae1bd03f60716a470394363162058c6072dea8c92e04f4be6,75611603,0x875d6d37ec55c8cf220b9e5080717549d8aa8eca,,,,,,,,,,,,
base,avalanche_c,50,50.01854999999999,0x8ad31a10e85c43f8c7507f3629557b24afde66bde4b0d15d5ed0053112db84bb,62059707,0x875d6d37ec55c8cf220b9e5080717549d8aa8eca,,,,,,,,,,,,
base,avalanche_c,100.283519,100.30046691471101,0x70938d1f42a2bc49b54e3360dd6fa2da0d552cc4e7d0346521871ac59e3dd7c9,62359539,0x875d6d37ec55c8cf220b9e5080717549d8aa8eca,,,,,,,,,,,,
base,avalanche_c,50008.290644,50080.15255765543,0x552e49a81c4a9582dcfadba3096e60151f6ac289a77b8807add1fc69a169a4d1,38986314,0xed650c6c3e9bd16451fe91f008e9bf3ce1803b40,0xe4ff619b5b8138bae063c6bd981017d1511583fe59bfa4b77f6b7c5c731f2b5b,38986431,0xb97ef9ef8734c71904d8002f8b6bc66dd9c48a6e,0.0,0xfc8872592736b490bfd2e5cb720acc5ba33031802304b50e262fab41809602ab,38986693,0xdef171fe48cf0115b1d80b88dc8eab59176fee57,0.0,0xed9d651255df81998f83675f52501a194820d402a41648bb151577d6db0b61c9,38986702,0xb97ef9ef8734c71904d8002f8b6bc66dd9c48a6e,0.0
base,avalanche_c,1.293628,1.2942916311639998,0xaf6c5adf159b5d4537f1053d6fea027a1de35da5d85f64156fc7fc03d59973a8,67265493,0x5f2f4771b7dc7e2f7e9c1308b154e1e8957ecab0,,,,,,,,,,,,
base,avalanche_c,16.85125,16.86117538625,0xc58228eb223295a6dd8b868b87d6571ba58873d5c5f4ce9f55ace6ded6d853f8,71516383,0x875d6d37ec55c8cf220b9e5080717549d8aa8eca,,,,,,,,,,,,
base,avalanche_c,455.060603,455.35639239195,0x3ae456b5c0ec4708048b9cf633bfe4d8901f0ab791d18e9a90c6e68e723154be,44038417,0x08b00ceee2fb66029b53d76110b19eeaabfd1e65,0x80aca9d81307da354ca1aa4e941667060213de1291f463ab2f7836cbe656a83d,44038650,0x8186359af5f57fbb40c6b14a588d2a59c0c29880,0.0,0xc41aa519c6bf67db0ee0175a3d158b3d722c2695e5bfcc589cb4e82c98756668,44038655,0xb97ef9ef8734c71904d8002f8b6bc66dd9c48a6e,0.0,0x31e882490301c233026b4ab2f9eb338927591ef20297ece6326d22785c84f7bd,44038693,0x6b25532e1060ce10cc3b0a99e5683b91bfde6982,0.0
base,avalanche_c,80204.742588,80168.49004435023,0xf734df7e958f9aac589912ab34aa723363a8c446155a727e8ae5c8eb2c96dbf5,49650782,0x2b2cffa6c32901795e2978e2eb90e81a2a4c54b6,0xfe69d67f2af00aa4ea595dd703b611da1cc86620a17322fb843fb75a6f5f3beb,49651052,0x794a61358d6845594f94dc1db02a252b5b4814ad,0.0,0x2f5e67c1addff7bcc5fa980cadd75eb7c13537e14ad55eaad7748f34bbc4f1a7,50915400,0x929ec64c34a17401f460460d4b9390518e5b473e,0.0,0x2b26e3b90c3690378c30297746b46e55ec40af8dbd181b24edfff7a6864fd74e,52718512,0x794a61358d6845594f94dc1db02a252b5b4814ad,0.0
base,avalanche_c,10,10.0017,0xbdbdb3b10a8ec5cd30f9c2d7259745387ca5c5734b7b4954c44af71c1c4e5f6f,56986986,0x88f15e36308ed060d8543da8e2a5da0810efded2,,,,,,,,,,,,
base,avalanche_c,26,26.010088,0x7474a63b37cf9dddb80cb1587e9759feca45e525b130f7148f5e534f37121669,57707476,0x88f15e36308ed060d8543da8e2a5da0810efded2,,,,,,,,,,,,
base,avalanche_c,99.671915,99.738595511135,0x1c15a19bebbf879411c9a2ce43caa60a85daaf1f6ef599657b3e0509fd626433,45297514,0x9a8da1f1196e8422d2cb948eb88fc2a483681c51,0xf4a4c98c26c617c3cc5ed0fdb1326e685e0310fd063f4c7b72387832c591d8e2,45297674,0xb97ef9ef8734c71904d8002f8b6bc66dd9c48a6e,0.0,0x93c251825082c16ebd10e11688e03e0903822c80b2ebf2eb114053fd79001d31,45297703,0x1231deb6f5749ef6ce6943a275a1d3e7486f4eae,0.0,0x334bc451b4de2248a9baf24c6ab755c45572f4f37f5392a0d0347fea0603b624,45511407,0xb97ef9ef8734c71904d8002f8b6bc66dd9c48a6e,0.0
base,avalanche_c,10,10.01045,0xdc7500c64ea298950d7a21b6158328d1999ccd8517f04f55f37e6fd54e5b2d8f,56417998,0x88f15e36308ed060d8543da8e2a5da0810efded2,,,,,,,,,,,,
base,avalanche_c,11.679676,11.6843478704,0xb63da12bcf73c02d39abdc293f2c0725d711e929a7d6d3b99bd1500a71c9f75c,63135275,0x875d6d37ec55c8cf220b9e5080717549d8aa8eca,,,,,,,,,,,,
base,avalanche_c,2342.58377,2344.3008839034105,0x1a29670d5015e7803387bf9b38c940228e96363b1477c1ce77a75426ccd0788c,58202996,0xf18f923480dc144326e6c65d4f3d47aa459bb41c,,,,,,,,,,,,
base,avalanche_c,13.5,13.504643999999999,0x1604b1c667626ab1f919c88aaac0789ccd88f112105e6eabe7156a4ba63e94b8,56023672,0x88f15e36308ed060d8543da8e2a5da0810efded2,,,,,,,,,,,,
base,avalanche_c,551.404521,551.580419042199,0x426f6fd4f0e62e71cf54493509b36d2949974040d9a9c8f393f5fd2ede4e75be,76341356,0x07676b9a00bb542cbe223c57786a0cfd463c646c,0xf4a3cc8a4f30e510880bc8f6be03c7cc97a31365212016e299b639844f23b447,76341362,0x4af3abe954259fb70b97c57ebd7ac1eb822028ef,0.0,0xbf43cbd4928471b0479bde1afd9ae1b1d531b06033c8b969e90c610cc9bec49a,76341367,0xf8c100ab4b2d416609b0ef18105ebf601b2ec84a,0.0,0x8c5ad9afd6e261ad35cd4d3d01cb4da93bd90d12950547cadd95375cdfb9aec0,76342897,0x8186359af5f57fbb40c6b14a588d2a59c0c29880,0.0
base,avalanche_c,13.500142,13.52336224424,0x239d0e6a7409da1c0a258f0a906040bbc1767a8660fb27281849a1ceb799e7a1,56030543,0x5f2f4771b7dc7e2f7e9c1308b154e1e8957ecab0,,,,,,,,,,,,
base,avalanche_c,2,1.999016,0x8e9a499aca6acaf192010336fcf066c8d75ddbb5b553dc64c1b601aeed8ed636,65668247,0x88f15e36308ed060d8543da8e2a5da0810efded2,,,,,,,,,,,,
base,avalanche_c,65.90205,65.96973140534999,0xf2dcb08adc4d9a12dc13cc1917499dfaccfbc889b2341d7bc55184de0fcc1379,46590451,0x8d7a720257a304c9c0ed413727dd5476355e0324,0x4958f0598e5cdef537bc32066cc972a19e39eb5b38845e7e6386a3001bb408ad,46590473,0xb97ef9ef8734c71904d8002f8b6bc66dd9c48a6e,0.0,0x52671d54f21c4d5d3dae0c22f09cebf758b30a7ea9fa36a249155ab3ab91e49d,46590554,0x1231deb6f5749ef6ce6943a275a1d3e7486f4eae,0.0,0x5c9132fe26bfbfc41f556879e9fe11a41abd7b7a1fbd610ff61e4eba645057af,46591091,0x1231deb6f5749ef6ce6943a275a1d3e7486f4eae,1.6181594191202424
base,avalanche_c,521.818363,522.328179540651,0x3c37866cc90431b73a1e24fe996e2b42e9fdf8eebd8972e93a205a27fd93adce,38839183,0xcaa74debeae8b73de8a894e16ceef7625c69c7ff,0x5356df0f5600fc439a0d9cd9bcdf774f44bc6f216404c147c10292d4189fc057,38839250,0xb97ef9ef8734c71904d8002f8b6bc66dd9c48a6e,0.0,0x0295f0b75735cb12a9a86b45bbde2ee29a148c54818a2f551b2e1d3455ebcd03,38839264,0x1111111254eeb25477b68fb85ed929f73a960582,0.0,0x6fb25a6f1d5ea63dc7311d6baeeeb0dcfd8ed0ba8603714316bcc22c863d0a01,38865359,0xb4315e873dbcf96ffd0acd8ea43f689d8c20fb30,6.0
base,avalanche_c,54.481511,54.482328222665004,0xfa47b66b8f09d1125f5f5ec64fe5fd8f26595e7f0739e6c440dbbc40df330f74,68761865,0xe16d2c3a49b0a172478be8d4628a6123d7a9f3be,0x0328447a16648aa1296dc230a10298df8f995de94128b0d92d5430f96840809b,68761878,0x8186359af5f57fbb40c6b14a588d2a59c0c29880,0.0,0x56665d088a168062fd2273248d51144dae268c597da3f51845ec8c78a776bed7,68761890,0x8186359af5f57fbb40c6b14a588d2a59c0c29880,0.0,0x1b0dd745a6570b9d5887a8f7e9f6335c0fc2f3c0dec14cccbe37672b73650166,68761910,0x8186359af5f57fbb40c6b14a588d2a59c0c29880,0.0
base,avalanche_c,10,10.00893,0x42badc4b0f330595ecc17f1259f34a2bd54e5628f9efe19479aae1ea06840540,57046243,0x88f15e36308ed060d8543da8e2a5da0810efded2,,,,,,,,,,,,
base,avalanche_c,11,11.007029,0x10e0ea689a7627e615a440f9dcdd043fb2cd2da0ea2397baefc4b5bfb490ab33,58047090,0x88f15e36308ed060d8543da8e2a5da0810efded2,,,,,,,,,,,,
base,avalanche_c,670.675465,670.768688889635,0x68fac8d2e5249ec45805b3da4444bfa6d24a30110a9da73986a094995e6e4a25,50732039,0xf956d9fa19656d8e5219fd6fa8ba6cb198094138,,,,,,,,,,,,
base,avalanche_c,91.124958,91.14518774067601,0xb7e93f2309973da50830d80d0f79a2419efec76047108c19c4329fa75c3e15f8,78042993,0x07676b9a00bb542cbe223c57786a0cfd463c646c,0xff2a677d586b88bd2798ebd31ea6cf92460a35407794381c9fe369aa6d2e4663,78042998,0x4af3abe954259fb70b97c57ebd7ac1eb822028ef,0.0,0x984e5b312184591639bb7e3bd8621683b5f83d43d79633419027a0018fcf00d3,78050837,0x8186359af5f57fbb40c6b14a588d2a59c0c29880,0.0,0x123c7fbddd2f954db7d39633070a55a34e099127f380876f8081f5c539a5e38b,78050842,0xf8c100ab4b2d416609b0ef18105ebf601b2ec84a,0.0
base,avalanche_c,11,11.007029,0x1447b6aa2b52a09203fc27bff25c28c88ad948841f6f550beee813dad1166b53,58047079,0x88f15e36308ed060d8543da8e2a5da0810efded2,,,,,,,,,,,,
base,avalanche_c,10.655357,10.661910044555,0x7417d77a9d57ac944e183f4efa3258cb28d62de740cc3701e711124d993c09c4,56522276,0x88f15e36308ed060d8543da8e2a5da0810efded2,,,,,,,,,,,,
base,avalanche_c,1.992113,1.993156867212,0x19363ae2a9206a0ac68c6914d71dd1402ac23cebe8f97d484ac3b94311d88f94,57358078,0xf956d9fa19656d8e5219fd6fa8ba6cb198094138,,,,,,,,,,,,
base,avalanche_c,126.409096,126.485194275792,not_found,,0x1f3575768943a68ee7fae4926cd0d446743ab8cd,,,,,,,,,,,,
base,avalanche_c,119.7,119.7579348,0x9b14c5e1b9751bd420053e153816591c88a97b225d5a43c25019c1dd83a3607f,70207613,0x875d6d37ec55c8cf220b9e5080717549d8aa8eca,,,,,,,,,,,,
base,avalanche_c,82.483058,82.49213113638,0x600b0f57926d3a81c671e9dbd17e118fa6d493ca93b5b3a30ded3d7d5d3465c7,73790956,0x88f15e36308ed060d8543da8e2a5da0810efded2,,,,,,,,,,,,
base,avalanche_c,4.420077,4.421690328105,0x1fd30228cc90a5f53967eb903114b396963c9ec79d5e863f6040bab93001928d,79235655,0x4d12537e9851071c1855363e42e18bf9b24aff1e,0x43377a226466e18428d12ce73fb105e49085e7b5f716ed985bcd56155d91316f,79235661,0x4af3abe954259fb70b97c57ebd7ac1eb822028ef,0.0,0xaca8b1394e72572e52084b227428fbb690fe18bd29afacecae9b7834625eff10,79239593,0x4af3abe954259fb70b97c57ebd7ac1eb822028ef,0.0,0x3cd2ae93ccbb7da5b5adbbc6e3281a3f1ffb3f333d16d33887ad9fb83a67d078,79239601,0x6b25532e1060ce10cc3b0a99e5683b91bfde6982,0.0
base,avalanche_c,10,10.00797,0xc3bc6132055134f15e4bdf64d51cee49a51dfcdae71b2ac936220c7da42619c4,57068718,0x88f15e36308ed060d8543da8e2a5da0810efded2,,,,,,,,,,,,
base,avalanche_c,5119.32149,5124.13877152209,0x778d09ca8f06839202c39aea23823b4fb354a1ede1082c335bf159861aa0c719,59834559,0xc80be65e1d95b781c23846ca9de5ed26a6e71165,0xb8b5cd8c23df4c32baa44d6b8aa7a029342b85e41ee9b9167a7a768d90466217,59834622,0xb97ef9ef8734c71904d8002f8b6bc66dd9c48a6e,0.0,0x0eaf472f167b83471f856eeab0a82462fd4d60bd3b8380bc62283e26da75fd16,59834630,0x794a61358d6845594f94dc1db02a252b5b4814ad,0.0,0xdb58fd545506bdef910570f3885e840ddba372c5bc05cc14bed4b0705df89c77,59926817,0xe28e2c8d240dd5ebd0adcab86fbd79df7a052034,0.0
base,avalanche_c,513.972368,514.348595773376,0xf5cfccd0a388b6c4060b01a954fc1c2d7f5f07c4655d8eed949ed9b5fe39a686,49268994,0x164c20a4e11cbe0d8b5e23f5ee35675890be280d,,,,,,,,,,,,
base,avalanche_c,196.458676,196.681460138584,0xa65824026ffc51addea57d1bad145654d2f239945202b95833891b5b74e11514,44874018,0x08b00ceee2fb66029b53d76110b19eeaabfd1e65,0x4f4b057efdb5783562e9595857395c655f20207842c2a94ff0586cafa55a9cc8,44878130,0x6b25532e1060ce10cc3b0a99e5683b91bfde6982,0.0,0x10fffd5d6db4bb06d36547483de3b2023221566771589e9b03db2c9afb36bd1d,44879000,0x8186359af5f57fbb40c6b14a588d2a59c0c29880,0.0,0xbe6f8a70b31597ca59793bbc37a6c34d3d132abeb0a414203f54adae0a570b30,44879845,0x8186359af5f57fbb40c6b14a588d2a59c0c29880,0.0
base,avalanche_c,3.042085,3.0443817741750006,0x912cec44e1a5f661a8f57b67b387fbcd0764549e57949b87b40b8a111ddef9e7,45256271,0xe1c14b9f065dead2e89ee35382f8bd42bdb87a04,,,,,,,,,,,,
base,avalanche_c,172.867514,172.80096000711,0x5f3aa186a0ecbce35d5e1e6468bac5f6660c1e44bdc750cf8ff712fe61c2c354,49666602,0x164c20a4e11cbe0d8b5e23f5ee35675890be280d,,,,,,,,,,,,
base,avalanche_c,10,10.005520000000002,0xab10e391a5c8a584d1dee97080fafe7b34f2d57f955b2ee0d6b426ab9867fefd,57140592,0x88f15e36308ed060d8543da8e2a5da0810efded2,,,,,,,,,,,,
base,avalanche_c,10.1,10.1024745,0xba9f57e8f83ea73925458e581982f69829ca142d8911a17fc9c9a92a7c260ce0,56816424,0x88f15e36308ed060d8543da8e2a5da0810efded2,,,,,,,,,,,,
base,avalanche_c,10023.341353,10024.153243649593,0xc6d5de0c72bb3abc7028dd6f95afefd79d7a3fa288d3ebb9c93c38cb458c4887,67560006,0x519215d0d9b93e8af0fb1289022bc9a9cf84c4c4,0xd96f6a935d87da1f80e1eda6a1f00314dcc2b7a3724a0cebcccd69ca41983cde,67560014,0xb97ef9ef8734c71904d8002f8b6bc66dd9c48a6e,0.0,0x13d602fde0dc3033b9d61962ad69c4110eb74ff44cdbcfb594147c033fddfd55,67560023,0x794a61358d6845594f94dc1db02a252b5b4814ad,0.0,0x7383c6a09cdd9a055c097723e982f7796ed15d14bc54c128dd38773e95e536a9,67560035,0xb97ef9ef8734c71904d8002f8b6bc66dd9c48a6e,0.0
base,avalanche_c,1.131243,1.131009963942,0x66d2871882e6027d6351607096d88806a4ee5e016c002aeb0f9e44e7bbf4915e,75138014,0x5f2f4771b7dc7e2f7e9c1308b154e1e8957ecab0,,,,,,,,,,,,
base,avalanche_c,10,10.00638,0xf98bf031761e7f92dc1b1a7d348b256fb261d7bcaeb5953cd2025977626e3797,57138795,0x88f15e36308ed060d8543da8e2a5da0810efded2,,,,,,,,,,,,
base,avalanche_c,5,5.00237,0x719f5ade7ebd4d3eb1c2f9f1879d6f33439ff5600989e62f696c9a5a1eb75c91,51344562,0x88f15e36308ed060d8543da8e2a5da0810efded2,,,,,,,,,,,,
base,avalanche_c,18.855476,18.859982458764,0x6875919b6005025a3cf0fda85544fd378f926491158a7a6fdc15ad6381db5fac,55874891,0x8cba77c38fb9dcab92db9bf3300bfb491fbf906e,0xc7aa2a9f2437ded5f679b67ac0faa42720cdf6f2252c29f5b7e7c97602f03d53,55875442,0xb97ef9ef8734c71904d8002f8b6bc66dd9c48a6e,0.0,,,,,,,,
base,avalanche_c,3265.331284,3265.736185079216,0xeeb4b813623fb10bf874d5368e8d5e3d9825ec15a66bd586e106d936c9336858,46257673,0x723b6a0e6758d9a37f6261aab7e1d1d9875c719e,0x56c155a72fbb8046722392cc78977f0cfece7ea2cd0ab36b98fcfe6138dcae5b,46283390,0xb97ef9ef8734c71904d8002f8b6bc66dd9c48a6e,0.0,0x0b02a7332027f131a5e92e5c57233d7097cf02670594b6075e8dd542ea23b9a4,46283405,0xef4fb24ad0916217251f553c0596f8edc630eb66,0.05,0x3a007860821639936a4089cc1f257c3991984069d3236b851d7244e2ec1c9f24,53031760,0xb97ef9ef8734c71904d8002f8b6bc66dd9c48a6e,0.0
base,avalanche_c,27845.9952,27851.202401102397,0xe420dcef2426ed794d371a8922a8f3d20aebfed58f428086f0cfdf2cc61a2880,56057019,0xabc02266e32dba984bc324c04930dd6c9267811a,0x3bf7c13b31c75eed806d9002e54feb9a7859db74849b8470a487734e6750bd6a,56057146,0x6b25532e1060ce10cc3b0a99e5683b91bfde6982,0.0,0x33f1dab82c6b65257b109e9cf8fb1b151614f1993a28d9ec9153dbb9ca53f818,56057284,0x8186359af5f57fbb40c6b14a588d2a59c0c29880,0.0,0x1602bbd48fef68f601f24ed1c8bfa6c608d17d9373abb994632ad94ea3d49e90,56057286,0x8186359af5f57fbb40c6b14a588d2a59c0c29880,0.0
base,avalanche_c,45.058844,45.04149634506,0xa2cf002208df41deacd8b08c4466c41f2f6b9e350c06871be9c01a236eb0c8ac,50371570,0xcee65a830f51f192c0355609ddea80f195db1374,0xde08f57cd23ac553e7c35c01586d9bc736f8cd52e9cf5d1c40ee171f0c5b571d,50558807,0xb97ef9ef8734c71904d8002f8b6bc66dd9c48a6e,0.0,0x599f58e7f2db40bb94296a872f6a9f182ca208e9e8bcbf8a58cacd688075eb67,50558818,0x1231deb6f5749ef6ce6943a275a1d3e7486f4eae,0.0,0x975f88c454ee7cb997bfcb47a1ec5f91aa9119153221e7763185faa2832fbc1b,52241334,0xb97ef9ef8734c71904d8002f8b6bc66dd9c48a6e,0.0
base,avalanche_c,10,10.008220000000001,0xc9876ff3379acf3ef596edc25af786d7bca8e030483e5eed7f954809bc1d76b2,57092480,0x88f15e36308ed060d8543da8e2a5da0810efded2,,,,,,,,,,,,
base,avalanche_c,4.877218,4.879227413816,0x5cd786ce45c2ecb042a7ecd4411961101eea437653d2436257137372c4934e6a,48602663,0x9eac039c5da615a115c4c48492f16303d0c2f488,0xa739d501fa3c91fd5cc53c59f9568c87f68b761961d184706817c61134424be8,49008091,0xb97ef9ef8734c71904d8002f8b6bc66dd9c48a6e,0.0,0xa86995bed781b1032e79d541d8fb7a65a4871fafbbb7f1db34b851d43cd48436,49008178,0xb97ef9ef8734c71904d8002f8b6bc66dd9c48a6e,0.0,0xb8e6cc8c3a437b220f6a30628d90fe6672918894d9e066d185d0d13b4085b852,49008305,0x4dae2f939acf50408e13d58534ff8c2776d45265,0.0
base,avalanche_c,65.455318,65.47004544655,0x82da0eef2eb886a6c0d4fa916663a02073a7d1939d1edfde846c91ace744abae,52352417,0x88f15e36308ed060d8543da8e2a5da0810efded2,,,,,,,,,,,,
base,avalanche_c,21.60167,21.612535640009998,0xaeb7c722b71823588f7b2fa0bb6e5c862675da77682cb9fb7c6e1beea4eb09f0,56231999,0x5f2f4771b7dc7e2f7e9c1308b154e1e8957ecab0,,,,,,,,,,,,
base,avalanche_c,28245.110152,28263.30000293789,0x93edb6e01b06d48a0890d8e0d904cdab897799851a58097b68ac9a24e0a6c902,56050118,0xabc02266e32dba984bc324c04930dd6c9267811a,0xa405ebaf859efbe9422f48d004692923de7933527217a4424351d54289481ce4,56050183,0x6b25532e1060ce10cc3b0a99e5683b91bfde6982,0.0,0x184a83c9f07fd2d7fa2071c5994bd3f88b80ab0199584f7dd7a0fdb26e15027d,56050397,0x6b25532e1060ce10cc3b0a99e5683b91bfde6982,0.0,0x43ed94c5765259acac84e377c8a71ff466917948f07a13664b8012b9b9ea585e,56050474,0x8186359af5f57fbb40c6b14a588d2a59c0c29880,0.0
base,avalanche_c,2.520131,2.52129026026,0x3024330aebca55c11bed63cae3d23e89dfa46466695219c301c25655f5b5b8ff,66438984,0x88f15e36308ed060d8543da8e2a5da0810efded2,,,,,,,,,,,,
base,avalanche_c,10.1,10.1094839,0x5facd73fceb7a6b6f35010042ea028ea783738eb363d1fd580df213d97f5910b,56770709,0x88f15e36308ed060d8543da8e2a5da0810efded2,,,,,,,,,,,,
base,avalanche_c,10.1,10.104757100000002,0xa6a27def9ecf0337fb237507c4d177ba923239a07e1a9dad0cd3e529c83bd011,56924786,0x88f15e36308ed060d8543da8e2a5da0810efded2,,,,,,,,,,,,
base,avalanche_c,131.263383,131.382045098232,0x865a5733d86df2bff87743977eb5a193efe354327300dc0f19e429129af03d57,45926985,0x2c516c48fe3df186d73a2efdb4804cc3614c204b,0x0168a28229d57df60df04e505d2bf8f74d999031d452cb3ef3c117ddb750d040,45927063,0xb97ef9ef8734c71904d8002f8b6bc66dd9c48a6e,0.0,0xcba5f0fc9dbc54fbc3a2dda2b147e70361c64b1d5dcba38f366652ab03802b8b,45927104,0x1231deb6f5749ef6ce6943a275a1d3e7486f4eae,0.0,0x6a5c009d3b7e292f087b10d18236050dbbf05e7cf8cd9dc30fcc116ae20eb1bc,45928380,0xb97ef9ef8734c71904d8002f8b6bc66dd9c48a6e,0.0
base,avalanche_c,30.432668,30.438815398936,0x7f4602ed87d7dfe08a452f28fc00fcfcd9dd7876831e221e9e435f6c8c3c9060,73561730,0x88f15e36308ed060d8543da8e2a5da0810efded2,,,,,,,,,,,,
base,avalanche_c,10,10.00678,0x5c1e2b7ab806620904c4b426edef4a586505dd8b240dafe582fee4440c3edfe5,57065472,0x88f15e36308ed060d8543da8e2a5da0810efded2,,,,,,,,,,,,
base,avalanche_c,99.68514,99.68922709073999,0x6a5272e914f6534c7915a4fd0086a0709814445a6412cccb3cfc136e328d0dba,65141261,0x164c20a4e11cbe0d8b5e23f5ee35675890be280d,,,,,,,,,,,,
base,avalanche_c,64986.137,65010.83173206,0x75a9386e7f1f515f151b78883661900e2d82d98d63f681f58e1ab99dfda2fe96,68797990,0x875d6d37ec55c8cf220b9e5080717549d8aa8eca,,,,,,,,,,,,
base,avalanche_c,10,10.01087,0x6b775bfe0dd527c6d668bcf9f89fce9323c358e9cb1e373be48a3baae1010239,56755077,0x88f15e36308ed060d8543da8e2a5da0810efded2,,,,,,,,,,,,
base,avalanche_c,10.1,10.1024745,0x415b0f5fb71c5df3ec4d66e71433332a284b7da74df4c3f6e2de329ac167a843,56816433,0x88f15e36308ed060d8543da8e2a5da0810efded2,,,,,,,,,,,,
base,avalanche_c,10.01,10.01952952,0xc958406b729df9199b1883485e41f332feafb2ea66476c613514c552920ee0fa,57942672,0x5f2f4771b7dc7e2f7e9c1308b154e1e8957ecab0,,,,,,,,,,,,
base,avalanche_c,144000,144088.848,0xbee854e953eed68e951a575182531eaffa1f7c03ae559b48a781908856325455,48883420,0x03efba502883e05ad15fc351b1582bc55a54d5d3,0x65027f947ef0edbf17380cb4cc5bc373b39e1ce72b7f108362e84be696d1d7f1,48883426,0x794a61358d6845594f94dc1db02a252b5b4814ad,0.0,0xd1db3791e46eb1816f2a482048fe5781027e32877236199742cf321a73ef29e5,48890251,0x8186359af5f57fbb40c6b14a588d2a59c0c29880,0.0,0xc8652269864b1de761b6bf9bdd9624a127b67242548032acd69f4b14f23626f5,48890253,0x794a61358d6845594f94dc1db02a252b5b4814ad,0.0
base,avalanche_c,1333.375551,1336.172972905998,0xbd504aac25a5bc8be622185c44094edcf2d72f6aec40c8c3c4839b73edf591a9,39205192,0x6c6d0ef257e7481786815ce9d6528bf6f5940fab,0xe67e2bebd10b9915d742edb648a743947f55945d5589522946a19830cc9cdbc9,39205707,0xb97ef9ef8734c71904d8002f8b6bc66dd9c48a6e,0.0,0xe2a13729b4eea493b60bc3b485e541e923de1cd76224e95e830418c23f4a6ea2,53743995,0x040993fbf458b95871cd2d73ee2e09f4af6d56bb,0.016,,,,
base,avalanche_c,10,10.0067,0xf4fb23f8eef920f6de6a0928eca7a29257d5a3f53d91fac810f5a0b890fbb9dc,57019383,0x88f15e36308ed060d8543da8e2a5da0810efded2,,,,,,,,,,,,
base,avalanche_c,10,10.0064,0xc598ae7f88ae0fd9536218c782873a07fe7ee2c49b3ccbc5f4e9a5098a04d0f3,57092769,0x88f15e36308ed060d8543da8e2a5da0810efded2,,,,,,,,,,,,
base,avalanche_c,0.9,3541.275,0x378cb826696e0912d2bbb4522ec1f6d6f731a865c98a9330305af6b0770b3c70,71133081,0x0ece7c1bfc9543b2cbea8f5577d02e5f59a9f176,0xc102adb852eb0d104da5c299eefbce1b216bcefc64351b752521d54d49174835,71133103,0x2775d5105276781b4b85ba6ea6a6653beed1dd32,0.0,0xbb9e31a6d22c601455903c7255a704c91055cd39fa35c98d0fc238c944fda7e6,71133122,0x0000000000005e88410ccdfade4a5efae4b49562,0.0,0x5ae0a7ef80052e8ea98e2b711c226bb3d1611f6ea0286bba1d435b0288392e6b,71133175,0x0000000000005e88410ccdfade4a5efae4b49562,0.0
base,avalanche_c,24.5,24.525700500000003,0x64c775da369a8e06061fd2cc673c789ec0a27231e92fd027fe1b768879f05b29,51314432,0x164c20a4e11cbe0d8b5e23f5ee35675890be280d,,,,,,,,,,,,
base,avalanche_c,134.324745,134.374579480395,0x601716cbc0215bf793db11f32f91e1df56aa05655259739529ab353c1f4eaf3d,60242065,0x875d6d37ec55c8cf220b9e5080717549d8aa8eca,,,,,,,,,,,,
base,avalanche_c,55.012748,55.017204032588,0x9c05b8f7b9b74cac832491a717b03df65eb9302a338ada64a7c4500557e3a253,49609857,0x164c20a4e11cbe0d8b5e23f5ee35675890be280d,,,,,,,,,,,,
base,avalanche_c,9303.7,9314.399255,0x438ff98a901e6880fa2c6f5c020436cd5d319c6db0062dc1ea74bcb41f46a135,38854590,0x4cb69fae7e7af841e44e1a1c30af640739378bb2,,,,,,,,,,,,
base,avalanche_c,10.683807,10.689939505218002,0x7329212e97d2beed931660600a123dd67e10242f2da9908c9e2490e6fe83ee34,57101687,0x88f15e36308ed060d8543da8e2a5da0810efded2,,,,,,,,,,,,
base,avalanche_c,3.629025,3.63067257735,0xa958e22721315d91994834714f8196ca76b0d5c69e739762d6bcdbfc9f8b838b,45948213,0xf05bb4d5adcc7e900c6fc0c2c93baa9dc2228ebc,0xce364bb406722650d6f1952501bf215f0710b0ebde7995ac7e68736944010641,45948395,0xb97ef9ef8734c71904d8002f8b6bc66dd9c48a6e,0.0,0x5f9ee20f607c0f084baceee9927055a6224c21133038501a67c28b5b4a4fd925,45948410,0x1231deb6f5749ef6ce6943a275a1d3e7486f4eae,0.0,0x6abe892e1f425135227d9fc71090c2ec31633ab7afdb381aaca6eaf9e79fcd6d,46738046,0x1231deb6f5749ef6ce6943a275a1d3e7486f4eae,0.1
base,avalanche_c,19.934022,19.94677977408,0xac7a01e739286f3840b10c9f34201d49cb0f910220d25a0bd16e3e10c2d3dbf6,48391298,0xb9cc5215e9ad1f5921a9b79163417bf40f6d5438,0x95b5e4c45d7c0ad5fb22a76adda5b8f3aeb4d6b944410276b7e8c12cddae737f,48413190,0xb97ef9ef8734c71904d8002f8b6bc66dd9c48a6e,0.0,0x254b9aab927af565ddb8c65e601fedfd0518a7f686147d47032c0d81dd8c8898,48413192,0x111111125421ca6dc452d289314280a0f8842a65,0.0,0xd336abe13d8274b049aed9684da4ba6ed709dba9f7868586c3cf5f7e5dc10954,48413228,0x9702230a8ea53601f5cd2dc00fdbc13d4df4a8c7,0.0
base,avalanche_c,465.8325,466.11199949999997,0xf5ecbe4527796143989eaa84732917eecac61737ce0f77343f20973f1f2bb6d2,62290104,0x875d6d37ec55c8cf220b9e5080717549d8aa8eca,,,,,,,,,,,,
base,avalanche_c,10021.443992,10028.068166478712,0x80641a852cdcdac35b7977be8a4187c853d1954aa0446d02892faf6f9be81e62,66453283,0x875d6d37ec55c8cf220b9e5080717549d8aa8eca,,,,,,,,,,,,
base,avalanche_c,196.053222,196.01930479259403,0x6f8544e65756dc52a12a3b629d93a1dc3a7b2ed3fc003504b1170d3a76012bfc,80262443,0x07676b9a00bb542cbe223c57786a0cfd463c646c,0xaa97af7f96d6af3811139b3a9c410ed65c5ec1d70cef2293fba8869cd41f3332,80262920,0x4af3abe954259fb70b97c57ebd7ac1eb822028ef,0.0,0xcf6b586e0e0d4ccf72414d10ee710ae40ad091f681306afabb42281c3f5fdd2e,80269684,0xf8c100ab4b2d416609b0ef18105ebf601b2ec84a,0.0,0xb763d1740d5ed0f988c26124f65a2bc3678df4e2f231c3939da661d33ed148e9,80269685,0x4af3abe954259fb70b97c57ebd7ac1eb822028ef,0.0
base,avalanche_c,10,10.01195,0x6e2d165ab3bde4dddeaed6d4c7de28232c0089991b0ac57c6de79e17d7fd57ff,56790421,0x88f15e36308ed060d8543da8e2a5da0810efded2,,,,,,,,,,,,
base,avalanche_c,4018.736041,4018.3341673959003,0x1e40fca48d2f46e8844d2afbe2988f70699b9c0fb8b1c38f7b906eedf51a28d2,69865642,0x3016e8e2de83cb1ad385b97c6f28c8a6bc8cf125,,,,,,,,,,,,
base,avalanche_c,34.96632,34.95782318424,0xe6d65affb6be44321c62286653276525ddcc6093fb1a8bc52373ea19b1dfc646,75765050,0x07676b9a00bb542cbe223c57786a0cfd463c646c,0x8b1aca7772ab2501e86c7e141e7a4ea8bff659ca180fa12e27e382a82efd2017,75765058,0x4af3abe954259fb70b97c57ebd7ac1eb822028ef,0.0,0x3b9ab85cea931fff4f67c4d3fa4b5eadc27301f16d36cb4e1ecbee81071e4941,75765063,0xf8c100ab4b2d416609b0ef18105ebf601b2ec84a,0.0,0xeb2273ab4f90cead1460f9da706ec84f19675281b044af156769850e122e4784,75770048,0xf8c100ab4b2d416609b0ef18105ebf601b2ec84a,0.0
base,avalanche_c,13.402941,13.414936632195001,0x65d60a3d90fe8b2e0ae2b9f8e6935c3a0a2b3f5d38469c4f592fb85485418a15,56073990,0x88f15e36308ed060d8543da8e2a5da0810efded2,,,,,,,,,,,,
base,avalanche_c,12251.768471,12260.344708929699,0x96fa658468c48bea9315b4d28b7ef2fde7cde5d9aa3442e6b6e92bf7ceb6d269,44341198,0x95b8ec85a3d5de4985d11a8ea028b52dba52afcc,0x4384ce115a28b1784414076e183b4c0b664193390d74f59f88f040a2b7d6133f,44341282,0xb97ef9ef8734c71904d8002f8b6bc66dd9c48a6e,0.0,0x6dfbaed5afbcff7caafdf74952e36de8f18eccb9ce1b56aa753118a6f01edf7d,44361271,0xb97ef9ef8734c71904d8002f8b6bc66dd9c48a6e,0.0,0x0de356d67a232506da664b9c21c61cd3a42e74f00a811b868a46264ad4a25a1c,44361971,0xb97ef9ef8734c71904d8002f8b6bc66dd9c48a6e,0.0
base,avalanche_c,10,10.01387,0x4ea7389e6a4d8c531e264cd1c9423e33a8b710143239a7ffd73eebbab7a28390,56424774,0x88f15e36308ed060d8543da8e2a5da0810efded2,,,,,,,,,,,,
base,avalanche_c,3,3.0018180000000005,0xe1b4ad8dcc3ee47b39d4917347ee4dd5c2dd94fe2e76a3b4ce20915145221d46,40929052,0x4cb69fae7e7af841e44e1a1c30af640739378bb2,,,,,,,,,,,,
base,avalanche_c,10.5,10.5032025,0x8983b76a2aa8dc8b9e43fcf1bb68642f0778e6e94411b42109a928ebac26053f,56674798,0x5f2f4771b7dc7e2f7e9c1308b154e1e8957ecab0,,,,,,,,,,,,
base,avalanche_c,12.345997,12.351824310584002,0x70c30d6a4dae00cf556a5f6184a3df5307cbf29b70979d734134566fca0c046c,63185611,0xd9cbf8838ecf8c1305f32402adf9ee6aa1e3551f,0x7dd4b920785c320a2b713377cf02e85af1144b6c17b39e8a826a5e8c1a57c426,63185657,0xb97ef9ef8734c71904d8002f8b6bc66dd9c48a6e,0.0,0xea2f985ad0308060001a1469a05a2692d21b6df7d5a216daca0d26e9460d3774,63185665,0x45a62b090df48243f12a21897e7ed91863e2c86b,0.0,0xf73a1385939dbc4566188fb8d369b979679e0bd90aa3a6f42124dc08db952561,63222749,0x655c406ebfa14ee2006250925e54ec43ad184f8b,0.0
base,avalanche_c,993,993.4706820000001,0xa0d6d182ebfa6f25a4e7de799356f242b17572b1c5b68434837fd0d9017ed5ad,56096784,0x7d3eb28667c6c044e55613e0cc15a990cb94d52f,0x36aa4cb8a7ce99459c1b135a53496d7eb7d0da342cfcec88b6c5014d656e22c6,56096878,0xb97ef9ef8734c71904d8002f8b6bc66dd9c48a6e,0.0,0xf003fe68af37c169b9f8fbd7d5ee38f8eeb20e34caf0e18148c29517a6d94221,56096924,0x6b25532e1060ce10cc3b0a99e5683b91bfde6982,0.0,0x05db79b3c933fef3885a35eb9c0995310dfd50e833cd475250d0fb0752fdb483,56127833,0x8186359af5f57fbb40c6b14a588d2a59c0c29880,0.0
base,avalanche_c,3.007782,3.0108739998960004,0x7329d13a0f2bd71f0270e5c5e1c422fbe568ac4c175fa9cfcb1960cb4edd24eb,45184912,0xe1c14b9f065dead2e89ee35382f8bd42bdb87a04,,,,,,,,,,,,
base,avalanche_c,20009.8082,20000.603688228002,0x8bb3f0341605671f6db481f0642e6a96e8feb0e5dde81aa25c5f4178da728f8e,54037332,0xabc02266e32dba984bc324c04930dd6c9267811a,0xaf4e44b327fe490ccff54e5e804eab4616f84738190ba0e7a9ffa58f6df410ea,54037525,0x8186359af5f57fbb40c6b14a588d2a59c0c29880,0.0,0x4602e508450fd3e5a1f073d486cec0b2fc91684a8beb62d9fb0d7203dc7f00e4,54038859,0x254cafe565978a462c0da8f56c7c2209d6fb1d5e,0.0,0xf9f9d94fe583ea438632694846c9fdc9b8c67f407827e6155f58b2d97571d3c2,54039301,0x8186359af5f57fbb40c6b14a588d2a59c0c29880,0.0
base,avalanche_c,10.987486,10.990331758874001,0x9950c2038ab4a9fde8aedc10a0aea43a446fa909d363cf960cc8dc5ed42f7969,56623803,0x5f2f4771b7dc7e2f7e9c1308b154e1e8957ecab0,,,,,,,,,,,,
base,avalanche_c,10,10.00809,0x73aa62416add8ad0a4e8cd0193692019c91905a33b785b081448ece03884da49,57047211,0x88f15e36308ed060d8543da8e2a5da0810efded2,,,,,,,,,,,,
base,avalanche_c,10,10.00448,0xe632264ca22538cbd1d84da3019f0ce7d7d912919da793df4a82a5312dd3bda4,57085759,0x88f15e36308ed060d8543da8e2a5da0810efded2,,,,,,,,,,,,
base,avalanche_c,0.0999999999999991,375.65199999999663,not_found,,0x09c43ad91571c7d7e683f60d44b5967ab6f3e8b2,,,,,,,,,,,,
base,avalanche_c,457.5,457.9209,0x40415b9b9855cbd57a5aa9bd644f3461d2663b82f8ada4ee6ed5d77d4513ffd9,41238778,0xb3362be6e44f52c75f88f4604f5927a25f6927d5,0x88ac44949f12d57d1873ed67a98b56505b9f67e72318600db0cc3480239d686b,41239145,0xb97ef9ef8734c71904d8002f8b6bc66dd9c48a6e,0.0,0xe89803bff800b55df150c328d255e37e30bb5e971a2ec80e71c6e40aa043121a,41239157,0x45a01e4e04f14f7a4a6702c74187c5f6222033cd,0.010111214142941888,0x057e79a6e33db367ac568b2a72e221f5f918278fd476070e186873baaf334471,41409623,0x9702230a8ea53601f5cd2dc00fdbc13d4df4a8c7,0.0
base,avalanche_c,946.293469,946.0559493392809,0x8d39206cee7bb1d196179b2ffb520b457608468013e2f90159c12b3ce28600a6,65698955,0xc1f9b21dae7ed4dc129bf8623c34a22e073d00bd,0xbacf45fb5a80b41c220a756ee7f6606eb9950ae157bfe169e2f6847a59e15651,65699374,0xb97ef9ef8734c71904d8002f8b6bc66dd9c48a6e,0.0,0x100e75d4bbe2fb770de488086288508f85bd7561474ca0056ef62b759bc4398b,65699374,0x6131b5fae19ea4f9d964eac0408e4408b66337b5,0.0,0x6a74b20248bc55f3701c3e2c0f3e43e12c64ad0d0c319bcc6b0c02023e3d5f01,65699428,0x152b9d0fdc40c096757f570a51e494bd4b943e50,0.0
base,avalanche_c,0.4999999999999991,1552.0649999999973,not_found,,0x43d873f7ee51609a1affb08ba306c9ba0731354e,,,,,,,,,,,,
base,avalanche_c,178.913273,179.038870117646,0xa49797be9450cdfe7b4b735137f4a7627a62cdde1ab70547095dfa39f6ce86c8,46801833,0x79d26bbdf03dd196f70a807e0bf84c4b2f10fab1,0x5b65176e5c6c8d25058e695b81391bbf6a65e097f5b947aa7faceede626989c7,46823595,0x1a1ec25dc08e98e5e93f1104b5e5cdd298707d31,0.05,0xaf78da3cc8c236bbddcbf556a35a7e7d77df88d5fd64e638949be66b95fc8f2f,46835407,0xcafd2f0a35a4459fa40c0517e17e6fa2939441ca,0.1,0x7033994617153686c4a1209c0314714a499b2700c824cdfa79886a2da23de349,46906148,0xb97ef9ef8734c71904d8002f8b6bc66dd9c48a6e,0.0
base,avalanche_c,21238.27529,21243.18133159199,0xbf0074238d7e95404cf58a7de8ebf1d980c32ba8f9847776b3dce1370a756a11,51524136,0xba15824166d0e0f2f6739de724f0bc448de70eee,0x3b402e36f68cc2757c3559f306b13dfff4be5f86bc3965e7f319985a45c64cf1,51525020,0xb97ef9ef8734c71904d8002f8b6bc66dd9c48a6e,0.0,0xe57238f5c25ffa9a80884c98d9cd1eebb1f5c42dfc69074421c557ab8b0f4937,51525042,0x7251febeabb01ec9de53ece7a96f1c951f886dd2,0.0,0xcf94be608fe5278a5705f276d5d73d564d8f6085aa4e8511a0c6c0e672c25c24,51525273,0xb97ef9ef8734c71904d8002f8b6bc66dd9c48a6e,0.0
base,avalanche_c,35020.849211,35030.79513217592,0x1f03917ef27d2f34e575fe9b5685caab030e9b866e17a0d3239f2ae462eb71e7,38808654,0xed650c6c3e9bd16451fe91f008e9bf3ce1803b40,0x99334dcf014250fd3b0b844b8d39d4446ff0d1b5ab528abb29dc04b4fdcb5853,38825961,0xb97ef9ef8734c71904d8002f8b6bc66dd9c48a6e,0.0,0xc572152481f19b1263004ef17c0f864f0d332274677a84e403eea97e4d2e4852,38826067,0xd359bc471554504f683fbd4f6e36848612349ddf,0.0,0xd3d7dcd6c08f0b9733f0bc11bb53b3d074b8056e2b2ded58b90b1eb5bca5a588,38826095,0x7e7a0e201fd38d3adaa9523da6c109a07118c96a,0.0
base,avalanche_c,10.1,10.100121199999998,0x7b980a94207dc03ebff450a5f63fe62b1b5a597a0e4a7babbdfa5e483b2c2c9b,56282421,0x5f2f4771b7dc7e2f7e9c1308b154e1e8957ecab0,,,,,,,,,,,,
base,avalanche_c,886.82585,887.0635193277999,0xf7285fdd48dba20fef8c386735ef130384324dc56e7d09cf235c30b38649d792,72878934,0x5f2f4771b7dc7e2f7e9c1308b154e1e8957ecab0,,,,,,,,,,,,
base,avalanche_c,1136.594189,1135.6246741567832,0x59602dc89d61afba4b9639d24d81f802b2b824d6646ea706bfc4b403d484afe8,53790395,0x67b1133d85a29b54aa969f7ff44109b441129219,,,,,,,,,,,,
base,avalanche_c,10,10.00669,0x5cb23e8dbf7533e38ad908d9f226f504c7baa6f9f1a431f48fde658597f6ffc5,56968858,0x88f15e36308ed060d8543da8e2a5da0810efded2,,,,,,,,,,,,
base,avalanche_c,10000,10002.8,0x6f5ae4d3171e96bb4f16a878a92842400fc0d7caeaa5153d97bdde06e9e50b40,74732389,0x875d6d37ec55c8cf220b9e5080717549d8aa8eca,,,,,,,,,,,,
base,avalanche_c,10.15,10.15398895,0x8f335020e37daf558adc29d9be74da48dda166c848d5281e7860d6b8586b4d48,56924300,0x88f15e36308ed060d8543da8e2a5da0810efded2,,,,,,,,,,,,
base,avalanche_c,10.1,10.1037471,0xeb54f12fdf2d1c5fb8e1c05b772235df10c54fee4b845167f985d036dee6b525,56940940,0x88f15e36308ed060d8543da8e2a5da0810efded2,,,,,,,,,,,,
base,avalanche_c,2.042314,2.042775562964,0xe07a6548ef7c52816ab4ba42bfd2efdcf50a74da192bb93ca51a67c0d37b86cc,76370809,0x4d12537e9851071c1855363e42e18bf9b24aff1e,0x53935bdfd7eafd041284a3c65ceca4854ca20bc1b848bfa43a8d290dd9d0432a,76370814,0xf8c100ab4b2d416609b0ef18105ebf601b2ec84a,0.0,0xd406b4b227dfc5bd5dd703bf204c67effbc0e05328f98a7448a95264565fdec6,76374339,0xf8c100ab4b2d416609b0ef18105ebf601b2ec84a,0.0,0x0109817205f46a8aed5dd19ea1dca1f18541926a8df0a6051cf558b0240adb97,76374347,0x6b25532e1060ce10cc3b0a99e5683b91bfde6982,0.0
